#domain,ioc,uri_path,ip
1488.winstate.cc,Possible Cobalt Strike C2 Domain,/push,185.196.9.234
1c-marketing.top,Possible Cobalt Strike C2 Domain,/v1,185.196.8.18
21hjgt71f.sharedomain.top,Possible Cobalt Strike C2 Domain,/api/3,142.171.229.46
28489294.xyz,Possible Cobalt Strike C2 Domain,/activity,154.9.246.151
360.wangli.cyou,Possible Cobalt Strike C2 Domain,/dot.gif,154.198.227.90
3g.ali213.net,Possible Cobalt Strike C2 Fronted Domain,/info,124.223.220.143
3gjanc04hk.execute-api.us-east-2.amazonaws.com,Possible Cobalt Strike C2 Domain,/v1/get,167.99.112.140
3se9ewodke339f0e83.connectivitytests.com,Possible Cobalt Strike C2 Domain,/pixel.gif,47.237.82.113
7b7cd24ea6f08b711cf4053beac43cc5.melonhack.top,Possible Cobalt Strike C2 Domain,/api/get,38.6.178.161
Jango-pulse.com,Possible Cobalt Strike C2 Domain,/Validate/v8.18/84LE6PSOHS,194.165.16.59
a.pain.capetown,Possible Cobalt Strike C2 Domain,/pixel.gif,88.214.25.36
a2ef406e2c2351e0b9e80029c909242d.melonhack.top,Possible Cobalt Strike C2 Domain,/api/get,89.213.184.158
aaa.ad4min.com,Possible Cobalt Strike C2 Domain,/load,198.13.42.85
aawwn.azureedge.net,Possible Cobalt Strike C2 Domain,/w3c.js,64.23.165.12
action-winds.cfd,Possible Cobalt Strike C2 Domain,/data,185.196.8.18
ad.urlz.ws,Possible Cobalt Strike C2 Domain,/jquery-3.3.1.min.js,38.54.86.90
admin.usaid2.org,Possible Cobalt Strike C2 Domain,/jquery-3.3.1.min.js,154.81.35.71
aerh.azureedge.net,Possible Cobalt Strike C2 Domain,/w3c.js,159.89.187.246
api.rayob2.shop,Possible Cobalt Strike C2 Domain,/Content,43.153.202.176
apiv2.huya.com,Possible Cobalt Strike C2 Fronting Domain,/jquery-3.3.1.min.js,43.138.10.232
as.scsvcreg.com,Possible Cobalt Strike C2 Domain,/eo,5.188.86.28
baidu.freemetb.top,Possible Cobalt Strike C2 Domain,/azure/api/v2/userinfo/get,107.173.144.77
bb.makkgg.fyi,Possible Cobalt Strike C2 Domain,/pixel.gif,116.205.189.199
bb.makkgg.fyi,Possible Cobalt Strike C2 Domain,/push,116.205.189.199
beacon.etallyall.com,Possible Cobalt Strike C2 Domain,/s/ref=nb_sb_noss_1/167-3294888-0262949/field-keywords=books,45.32.196.110
berita-banten.kumbaraan.biz.id,Possible Cobalt Strike C2 Fronting Domain,/dhl,128.199.141.212
big-walls.com,Possible Cobalt Strike C2 Fronted Domain,/ch,195.137.220.121
bliblyuvblfds.work.gd,Possible Cobalt Strike C2 Domain,/_/scs/mail-static/_/js/,89.208.247.75
blm-wiki.com,Possible Cobalt Strike C2 Domain,/Validate/v8.18/84LE6PSOHS,194.165.16.59
blmdiscount.com,Possible Cobalt Strike C2 Domain,/Level/v3.82/1THWFWTJJ8,91.238.181.235
bola.kumbaraan.biz.id,Possible Cobalt Strike C2 Fronted Domain,/ee,128.199.141.212
breakingnews.kumbaraan.biz.id,Possible Cobalt Strike C2 Fronted Domain,/ee,128.199.141.212
c.hcgos.com,Possible Cobalt Strike C2 Domain,/ca,43.159.58.81
c.qqwhoami.org,Possible Cobalt Strike C2 Domain,/updates,43.159.58.81
c1.tqrjfru.cn,Possible Cobalt Strike C2 Domain,/dpixel,114.115.210.125
c2.marfei.zone,Possible Cobalt Strike C2 Domain,/activity,121.40.119.94
canarapay-f5hghmdjd7eddbb4.z02.azurefd.net,Possible Cobalt Strike C2 Domain,/safebrowsing/I7F9L/s0Rm6WOzIDfYrB6YAi2d,68.183.92.175
cc.cert-ex.net,Possible Cobalt Strike C2 Domain,/__utm.gif,89.116.44.121
cc.youku.zip,Possible Cobalt Strike C2 Domain,/functionalStatus/,104.143.47.137
cdn-carbonat.kimcuonghoanmy.shop,Possible Cobalt Strike C2 Domain,/server/api-v1/,54.254.164.33
cdn.dadadsadaccsoong.top,Possible Cobalt Strike C2 Domain,/load,43.139.177.77
cdn.efstech.de,Possible Cobalt Strike C2 Domain,/adstats/v2/q,213.61.251.56
cf907cd9e8f94a93937a6360363420b2.apig.cn-east-3.huaweicloudapis.com,Possible Cobalt Strike C2 Domain,/static/askbob,101.36.121.188
cf907cd9e8f94a93937a6360363420b2.apig.cn-east-3.huaweicloudapis.com,Possible Cobalt Strike C2 Domain,/static/askbob,101.36.126.189
cf907cd9e8f94a93937a6360363420b2.apig.cn-east-3.huaweicloudapis.com,Possible Cobalt Strike C2 Domain,/static/askbob,152.32.131.118
chat.icbcbc.com.cn,Possible Cobalt Strike C2 Domain,/omp/api/micro_app/get_org_app,111.229.214.58
check.judicical.ml,Possible Cobalt Strike C2 Domain,/jquery-3.3.1.min.js,45.145.228.117
check.update.nadra-pk.org,Possible Cobalt Strike C2 Domain,/g.pixel,45.76.90.103
check1.judicical.ml,Possible Cobalt Strike C2 Domain,/jquery-3.3.1.min.js,45.145.228.117
chniabank.com,Possible Cobalt Strike C2 Domain,/api/x,8.147.132.135
cins.hin7lostvas.pro,Possible Cobalt Strike C2 Domain,/case.css,45.148.120.115
cityoall.com,Possible Cobalt Strike C2 Domain,/activity,94.20.88.63
cloud.tencent-cs.com,Possible Cobalt Strike C2 Fronting Domain,/ca,43.134.233.227
clouds.localhost-microsoft.com,Possible Cobalt Strike C2 Domain,/image/,43.129.28.136
cn1.cdngw.com,Possible Cobalt Strike C2 Domain,/TealeafTarget.php,20.170.19.248
contact.mwam.support,Possible Cobalt Strike C2 Domain,/messages/C0527B0NM,18.184.17.94
content.microsoft.com.w.kunlunca.com,Possible Cobalt Strike C2 Fronted Domain,/updates.rss,8.140.135.23
cs.h1ll0.cs.in,Possible Cobalt Strike C2 Domain,/match,134.122.129.173
cs.xfdaili.com,Possible Cobalt Strike C2 Domain,/activity,154.204.176.13
cs.xfdaili.com,Possible Cobalt Strike C2 Domain,/activity,154.204.177.133
cs.xfdaili.com,Possible Cobalt Strike C2 Domain,/activity,154.204.177.22
cs.xfdaili.com,Possible Cobalt Strike C2 Domain,/updates.rss,154.204.176.13
cs.xfdaili.com,Possible Cobalt Strike C2 Domain,/updates.rss,154.204.177.133
cs.xfdaili.com,Possible Cobalt Strike C2 Domain,/updates.rss,154.204.177.22
d1v4b6pbk0kwvw.cloudfront.net,Possible Cobalt Strike C2 Fronted Domain,/s/ref=nb_sb_noss_1/167-3294888-0262949/field-keywords=books,44.221.39.41
d20pexcm9ot6hj.cloudfront.net,Possible PoshC2 Fronted Domain,/wpaas/load.php/,13.48.77.144
d2ewlfde9nvzf.cloudfront.net,Possible Cobalt Strike C2 Domain,/s/ref=nb_sb_noss_1/167-3294888-0262949/field-keywords=books,44.221.39.41
d2ewlfde9nvzf.cloudfront.net,Possible Cobalt Strike C2 Fronting Domain,/s/ref=nb_sb_noss_1/167-3294888-0262949/field-keywords=books,44.221.39.41
d3c0hjeoqmryl5.cloudfront.net,Possible Cobalt Strike C2 Domain,/safebrowsing/8q98pYJ/V16gfsYQQuKzweZW4ysIJrtWB-h,137.184.237.252
d3o8tsrpl5k6yb.cloudfront.net,Possible Cobalt Strike C2 Domain,/safebrowsing/8q98pYJ/V16gfsYQQuKzweZW4ysIJrtWB-h,137.184.237.252
d3so0g2pxg0u5a.cloudfront.net,Possible Cobalt Strike C2 Domain,/safebrowsing/8q98pYJ/V16gfsYQQuKzweZW4ysIJrtWB-h,137.184.237.252
d69b6834b7eb46fcb7bbcaa60f9f0f2d.apig.cn-east-3.huaweicloudapis.com,Possible Cobalt Strike C2 Domain,/static/askbob,101.36.121.188
d69b6834b7eb46fcb7bbcaa60f9f0f2d.apig.cn-east-3.huaweicloudapis.com,Possible Cobalt Strike C2 Domain,/static/askbob,101.36.126.189
d69b6834b7eb46fcb7bbcaa60f9f0f2d.apig.cn-east-3.huaweicloudapis.com,Possible Cobalt Strike C2 Domain,/static/askbob,152.32.131.118
d8g.lol,Possible Cobalt Strike C2 Domain,/api/3,159.75.104.157
d9msk9dy9tbnk.cloudfront.net,Possible Cobalt Strike C2 Fronted Domain,/jquery-2.8.4.min.js,4.158.105.167
dbgrw1.azurefd.net,Possible Cobalt Strike C2 Domain,/__utm.gif,24.137.215.164
dct4jph3as9lp.cloudfront.net,Possible Cobalt Strike C2 Domain,/ms,44.194.227.114
dianqi1.dianqi2.jiayongdianqi.xyz,Possible Cobalt Strike C2 Domain,/home/,45.135.118.251
dianqi1.jiayongdianqi.xyz,Possible Cobalt Strike C2 Domain,/home/,45.135.118.251
dianqi2.dianqi1.jiayongdianqi.xyz,Possible Cobalt Strike C2 Domain,/home/,45.135.118.251
dianqi2.jiayongdianqi.xyz,Possible Cobalt Strike C2 Domain,/home/,45.135.118.251
dir.cdn-delivery-xyz.com,Possible Cobalt Strike C2 Domain,/imagenes/58417/barra.jpg,101.99.94.224
dns.beenewsdream.net,Possible Cobalt Strike C2 Domain,/messages/p0LRaDdAL1oKkCE9hqDPe5YZV6rkon9pg6X,104.156.244.171
dns.byresolved.com,Possible Cobalt Strike C2 Domain,/acct.php,18.219.198.202
dns.checkavail.space,Possible Cobalt Strike C2 Domain,/maps/overlaybfpr,191.101.44.35
dns.cityoall.com,Possible Cobalt Strike C2 Domain,/pixel,94.20.88.63
dns.ns1.akingump.cloud,Possible Cobalt Strike C2 Domain,/fwlink,100.26.145.203
dns.ontexcare.com,Possible Cobalt Strike C2 Domain,/jquery-3.3.1.min.js,95.179.190.134
dns.otxcarecosmetics.com,Possible Cobalt Strike C2 Domain,/jquery-3.3.1.min.js,168.100.11.227
dns.otxcosmeticscare.com,Possible Cobalt Strike C2 Domain,/jquery-3.3.1.min.js,134.209.87.204
dns.t0nger.com,Possible Cobalt Strike C2 Domain,/pixel,8.218.137.213
dns.trailcosolutions.com,Possible Cobalt Strike C2 Domain,/jquery-3.3.1.min.js,78.141.217.186
download.localhost-microsoft.com,Possible Cobalt Strike C2 Domain,/image/,43.129.28.136
dr-hoefler.de,Possible Cobalt Strike C2 Domain,/jquery-3.3.1.min.js,46.101.137.168
dropper.bilibili360.xyz,Possible Cobalt Strike C2 Domain,/cm,121.5.128.191
dvbtools.com,Possible Cobalt Strike C2 Domain,/DocumentId,185.172.128.6
dvbtools.com,Possible Cobalt Strike C2 Domain,/DocumentId,185.42.14.185
f6d2b014a8664ddd8d859ce64f3741ad.apig.cn-east-3.huaweicloudapis.com,Possible Cobalt Strike C2 Domain,/static/askbob,101.36.121.188
f6d2b014a8664ddd8d859ce64f3741ad.apig.cn-east-3.huaweicloudapis.com,Possible Cobalt Strike C2 Domain,/static/askbob,101.36.126.189
f6d2b014a8664ddd8d859ce64f3741ad.apig.cn-east-3.huaweicloudapis.com,Possible Cobalt Strike C2 Domain,/static/askbob,152.32.131.118
fibersee.com,Possible Cobalt Strike C2 Fronted Domain,/ch,45.149.172.101
fibersee.com,Possible Cobalt Strike C2 Fronted Domain,/ch,5.161.191.120
files.jslibc.com,Possible Cobalt Strike C2 Domain,/jquery-3.3.1.min.js,47.76.78.183
finance.kumbaraan.biz.id,Possible Cobalt Strike C2 Fronted Domain,/dhl,128.199.141.212
firmware-yrs-conflicts-favorites.trycloudflare.com,Possible Cobalt Strike C2 Domain,/jquery-3.3.1.min.js,107.148.1.41
flashl.tw,Possible Cobalt Strike C2 Fronted Domain,/mylibs.js,23.94.169.124
goldensoftware.co.uk,Possible Cobalt Strike C2 Domain,/visit.js,5.188.87.50
gov.vsj888.shop,Possible Cobalt Strike C2 Domain,/index.js,39.98.60.175
helloboy.shop,Possible Cobalt Strike C2 Domain,/functionalStatus/M2m9ioDW7RSEqasWcw04yAC,80.66.75.43
helloboy.shop,Possible Cobalt Strike C2 Domain,/functionalStatus/M2m9ioDW7RSEqasWcw04yAC,80.66.75.52
helloboy.shop,Possible Cobalt Strike C2 Domain,/functionalStatus/M2m9ioDW7RSEqasWcw04yAC,80.66.75.53
helloboy.shop,Possible Cobalt Strike C2 Domain,/functionalStatus/M2m9ioDW7RSEqasWcw04yAC,80.66.75.9
i.xlei.cc,Possible Cobalt Strike C2 Domain,/ca,42.192.53.52
ikea0.com,Possible Cobalt Strike C2 Domain,/Dequeue/mqseries/D7W0GTJFY,91.238.181.230
images-oss-1318291330.cos.ap-beijing.myqcloud.com,Possible Cobalt Strike C2 Domain,/images/favicon.ico,82.156.151.200
investment.kumbaraan.biz.id,Possible Cobalt Strike C2 Domain,/jquery-3.3.1.min.js,159.223.86.73
io.cy789.ml,Possible Cobalt Strike C2 Domain,/IE9CompatViewList.xml,42.193.252.92
io.cy789.ml,Possible Cobalt Strike C2 Domain,/updates.rss,42.193.252.92
iopqwe.azureedge.net,Possible Cobalt Strike C2 Domain,/web.asp,138.197.40.89
ipv6.beijing-qax.top,Possible Cobalt Strike C2 Domain,/jquery-3.3.1.min.js,104.168.145.228
js.mitigize.com,Possible Cobalt Strike C2 Domain,/dot.gif,164.92.249.209
js.msedgeupdate.com,Possible Cobalt Strike C2 Domain,/push,8.212.44.149
js.msedgeupdate.com,Possible Cobalt Strike C2 Domain,/push,8.212.49.116
jspassport.ssl.qhimg.com.dsa.dnsv1.com,Possible Cobalt Strike C2 Fronted Domain,/s/ref=nb_sb_noss_1/167-3294888-0262949/field-keywords=books,74.48.19.146
jxvtcm.cn,Possible Cobalt Strike C2 Domain,/Complete/pr/H6TCQRWR,175.178.160.155
keolisgroup.azureedge.net,Possible Cobalt Strike C2 Domain,/onedrive,138.68.87.151
kh1.userjoy.com,Possible Cobalt Strike C2 Fronted Domain,/ca,43.134.233.227
lebondogicoin.com,Possible Cobalt Strike C2 Domain,/Dequeue/mqseries/D7W0GTJFY,91.238.181.230
log.lihaimaoyi.com,Possible Cobalt Strike C2 Domain,/api/3,101.35.198.64
log.speech-microsoft.com,Possible Cobalt Strike C2 Domain,/c/msdownload/update/others/2017/12/29132a9e7a0e9a9e2,206.237.30.76
login.processus.network,Possible Cobalt Strike C2 Fronted Domain,/Collector/2.0/settings/,20.19.35.117
logs.speech-microsoft.com,Possible Cobalt Strike C2 Domain,/c/msdownload/update/others/2017/12/29132a9e7a0e9a9e2,206.237.30.76
m.old.gxjczx.gov.cn,Possible Cobalt Strike C2 Fronted Domain,/info,124.223.220.143
mailtest.icbcbc.com.cn,Possible Cobalt Strike C2 Domain,/omp/api/micro_app/get_org_app,111.229.214.58
miao.xiaogoubi.top,Possible Cobalt Strike C2 Domain,/idle/1376547834/1,125.128.113.108
microsoftwindows.one,Possible Cobalt Strike C2 Domain,/api/3,124.70.140.36
microstar.cfd,Possible Cobalt Strike C2 Domain,/task,185.196.8.18
mpr23-421-c2.westus2.cloudapp.azure.com,Possible Cobalt Strike C2 Domain,/tip.php,20.120.177.99
n1.johnchen88.com,Possible Cobalt Strike C2 Domain,/push,43.139.189.54
newstatisc.googleinfo.se,Possible Cobalt Strike C2 Domain,/activity,8.212.44.149
newstatisc.googleinfo.se,Possible Cobalt Strike C2 Domain,/activity,8.212.49.116
nimappche.buzz,Possible Cobalt Strike C2 Domain,/jquery-3.3.1.min.js,45.207.58.79
ns.b1ing.com,Possible Cobalt Strike C2 Domain,/dot.gif,8.212.0.206
ns.checkavail.space,Possible Cobalt Strike C2 Domain,/maps/overlaybfpr,191.101.44.35
ns.jakithebest.ru,Possible Cobalt Strike C2 Domain,/ca,45.142.36.59
ns.n0reply.eu.org,Possible Cobalt Strike C2 Domain,/api-opt-2023-gfr/3,167.86.127.180
ns1.163microsoft.com,Possible Cobalt Strike C2 Domain,/_/scs/mail-static/_/js/,101.36.111.47
ns1.163microsoft.com,Possible Cobalt Strike C2 Domain,/_/scs/mail-static/_/js/,152.32.135.165
ns1.623866.xyz,Possible Cobalt Strike C2 Domain,/__utm.gif,43.143.58.212
ns1.akingump.cloud,Possible Cobalt Strike C2 Domain,/IE9CompatViewList.xml,100.26.145.203
ns1.aliyunn.com.cn,Possible Cobalt Strike C2 Domain,/jquery-3.3.1.min.js,121.43.55.149
ns1.centos-yum.xyz,Possible Cobalt Strike C2 Fronted Domain,/jquery-3.5.1.slim.min.js,167.179.84.218
ns1.crnbchina.buzz,Possible Cobalt Strike C2 Domain,/jquery-3.3.1.min.js,47.242.37.176
ns1.dice1018.top,Possible Cobalt Strike C2 Domain,/jquery-3.3.1.min.js,38.181.70.201
ns1.dingtaIk.tk,Possible Cobalt Strike C2 Fronted Domain,/jquery-3.3.1.min.js,47.94.43.210
ns1.fuckworldxxx.shop,Possible Cobalt Strike C2 Domain,/Test/protect/JZJ8DALCUB,123.207.51.53
ns1.googletagmauager.com,Possible Cobalt Strike C2 Domain,/js/jquery-3.3.1.min.js,146.70.113.136
ns1.h1ll0.cs.in,Possible Cobalt Strike C2 Domain,/__utm.gif,134.122.129.173
ns1.microsoft2888.top,Possible Cobalt Strike C2 Domain,/visit.js,1.117.93.65
ns1.microsoftgame.online,Possible Cobalt Strike C2 Domain,/owa/,117.50.178.197
ns1.tencentupdate.buzz,Possible Cobalt Strike C2 Domain,/help,119.91.229.161
ns1.vip404.eu.org,Possible Cobalt Strike C2 Domain,/updates.rss,114.115.157.144
ns1.weepstakes.com,Possible Cobalt Strike C2 Domain,/images/branding/googlelogo/1x/googlelogo_color_150x54Dp.png,185.32.126.51
ns1.zpepc.net,Possible Cobalt Strike C2 Domain,/jquery-3.3.1.min.js,185.106.96.225
ns2.0-2.pw,Possible Cobalt Strike C2 Domain,/__utm.gif,178.128.229.91
ns2.163microsoft.com,Possible Cobalt Strike C2 Domain,/_/scs/mail-static/_/js/,101.36.111.47
ns2.163microsoft.com,Possible Cobalt Strike C2 Domain,/_/scs/mail-static/_/js/,152.32.135.165
ns2.623866.xyz,Possible Cobalt Strike C2 Domain,/load,43.143.58.212
ns2.aliyunn.com.cn,Possible Cobalt Strike C2 Domain,/jquery-3.3.1.min.js,121.43.55.149
ns2.centos-yum.xyz,Possible Cobalt Strike C2 Fronted Domain,/jquery-3.5.1.slim.min.js,167.179.84.218
ns2.crnbchina.buzz,Possible Cobalt Strike C2 Domain,/jquery-3.3.1.min.js,47.242.37.176
ns2.dice1018.top,Possible Cobalt Strike C2 Domain,/jquery-3.3.1.min.js,38.181.70.201
ns2.dingtaIk.tk,Possible Cobalt Strike C2 Fronted Domain,/jquery-3.3.1.min.js,47.94.43.210
ns2.fuckworldxxx.shop,Possible Cobalt Strike C2 Domain,/Test/protect/JZJ8DALCUB,123.207.51.53
ns2.googletagmauager.com,Possible Cobalt Strike C2 Domain,/js/jquery-3.3.1.min.js,146.70.113.136
ns2.h1ll0.cs.in,Possible Cobalt Strike C2 Domain,/ga.js,134.122.129.173
ns2.microsoftgame.online,Possible Cobalt Strike C2 Domain,/owa/,117.50.178.197
ns2.tencentupdate.buzz,Possible Cobalt Strike C2 Domain,/help,119.91.229.161
ns2.vip404.eu.org,Possible Cobalt Strike C2 Domain,/cx,114.115.157.144
ns2.zpepc.net,Possible Cobalt Strike C2 Domain,/jquery-3.3.1.min.js,185.106.96.225
ns3.aliyunn.com.cn,Possible Cobalt Strike C2 Domain,/jquery-3.3.1.min.js,121.43.55.149
ns3.fuckworldxxx.shop,Possible Cobalt Strike C2 Domain,/Test/protect/JZJ8DALCUB,123.207.51.53
ns3.microsoftgame.online,Possible Cobalt Strike C2 Domain,/owa/,117.50.178.197
ns3.tencentupdate.buzz,Possible Cobalt Strike C2 Domain,/help,119.91.229.161
ns3.vip404.eu.org,Possible Cobalt Strike C2 Domain,/j.ad,114.115.157.144
ns3.zpepc.net,Possible Cobalt Strike C2 Domain,/jquery-3.3.1.min.js,185.106.96.225
ns4.tencentupdate.buzz,Possible Cobalt Strike C2 Domain,/help,119.91.229.161
ns8.bpibank.org,Possible Cobalt Strike C2 Domain,/jquery-3.3.1.min.js,154.90.63.215
ns8.x7z.mom,Possible Cobalt Strike C2 Domain,/match,199.195.251.219
ns88.nanyafpg.com,Possible Cobalt Strike C2 Domain,/jquery-3.3.1.min.js,52.195.16.11
ns9.bpibank.org,Possible Cobalt Strike C2 Domain,/jquery-3.3.1.min.js,154.90.63.215
nt1.227api.com,Possible Cobalt Strike C2 Domain,/push,154.92.16.150
nt2.227api.com,Possible Cobalt Strike C2 Domain,/load,154.92.16.150
nt3.227api.com,Possible Cobalt Strike C2 Domain,/dot.gif,154.92.16.150
oa.dahuatec.xyz,Possible Cobalt Strike C2 Domain,/www/handle/doc,43.136.38.59
office365.homes,Possible Cobalt Strike C2 Domain,/jquery-3.3.1.min.js,104.248.6.246
oss.icbcbc.com.cn,Possible Cobalt Strike C2 Domain,/omp/api/micro_app/get_org_app,111.229.214.58
otomotif.kumbaraan.biz.id,Possible Cobalt Strike C2 Fronted Domain,/dhl,128.199.141.212
pak.update.nadra-pk.org,Possible Cobalt Strike C2 Domain,/ptj,45.76.90.103
poopy.aarkhipov.ru,Possible Cobalt Strike C2 Domain,/jquery-3.3.1.min.js,92.63.193.141
powerbi3-dffqb3gfbudugyas.z03.azurefd.net,Possible Cobalt Strike C2 Domain,/s/ref=nb_sb_noss_1/167-3294888-0262949/field-keywords=books,157.230.232.41
primo.freshhema.com,Possible Cobalt Strike C2 Fronting Domain,/jquery-3.3.1.min.js,47.94.43.210
proya.cyou,Possible Cobalt Strike C2 Domain,/jquery-3.3.3.min.js,114.132.120.166
qax.gsldedie.sbs,Possible Cobalt Strike C2 Domain,/462c30d592f23b18/jquery/3.7.1/jquery.min.js,170.106.169.138
qw.scsvcreg.com,Possible Cobalt Strike C2 Domain,/tab_shop_active,5.188.86.28
recommendation.digihealthlocker.com,Possible Cobalt Strike C2 Domain,/j.ad,54.226.3.99
search.zfly.fun,Possible Cobalt Strike C2 Domain,/jquery-3.6.0.min.js,8.137.117.105
security-socks.expert,Possible Cobalt Strike C2 Domain,/Understand/v2.61/RYLQUPM8LL,194.165.16.55
security-socks777.com,Possible Cobalt Strike C2 Domain,/Understand/v2.61/RYLQUPM8LL,194.165.16.55
senkiv.ru,Possible Cobalt Strike C2 Domain,/jquery-3.3.1.min.js,92.63.193.141
service-1bsjckga-1252578700.gz.tencentapigw.com.cn,Possible Cobalt Strike C2 Domain,/api/x,113.31.105.33
service-1cao6cjs-1312654103.gz.apigw.tencentcs.com,Possible Cobalt Strike C2 Domain,/admin/login,124.223.200.131
service-1scv7ngm-1318428097.gz.apigw.tencentcs.com,Possible Cobalt Strike C2 Domain,/api/user,111.230.30.197
service-3vkzoky0-1312172028.gz.tencentapigw.com.cn,Possible Cobalt Strike C2 Domain,/api/x,116.198.34.83
service-5hq806dl-1305010017.sh.tencentapigw.com,Possible Cobalt Strike C2 Domain,/api/x,39.100.85.244
service-6qlmfr7s-1312562872.gz.tencentapigw.com.cn,Possible Cobalt Strike C2 Domain,/api/x,107.172.159.202
service-6wso9e3t-1257357125.bj.apigw.tencentcs.com,Possible Cobalt Strike C2 Domain,/jquery-3.3.1.min.js,81.70.29.244
service-6y22lbhj-1318289497.bj.tencentapigw.com.cn,Possible Cobalt Strike C2 Domain,/jquery/2.0.1/jquery.min.js,81.70.163.57
service-8lop3tot-1321953982.sh.tencentapigw.com,Possible Cobalt Strike C2 Domain,/api/x,124.220.148.63
service-8rv78e5d-1319481525.sh.apigw.tencentcs.com,Possible Cobalt Strike C2 Domain,/index.jsp,162.14.77.157
service-9sehd1r7-1252427727.bj.apigw.tencentcs.com,Possible Cobalt Strike C2 Domain,/api/x,43.138.20.107
service-ac5ca85o-1314199502.gz.tencentapigw.com.cn,Possible Cobalt Strike C2 Domain,/match,43.139.107.157
service-ac5ca85o-1314199502.gz.tencentapigw.com.cn,Possible Cobalt Strike C2 Domain,/pixel.gif,43.139.107.157
service-b0kt7bkd-1307485220.cd.tencentapigw.com,Possible Cobalt Strike C2 Domain,/api/x,47.109.178.63
service-b7g5qx9l-1318401771.bj.apigw.tencentcs.com,Possible Cobalt Strike C2 Domain,/api/stream,123.207.50.191
service-bzbl2uq7-1312255927.bj.apigw.tencentcs.com,Possible Cobalt Strike C2 Domain,/ga.js,43.143.241.241
service-d1yss7wi-1314780031.nj.apigw.tencentcs.com,Possible Cobalt Strike C2 Domain,/www/handle/doc,43.143.186.7
service-dduj2otc-1303958398.gz.tencentapigw.com.cn,Possible Cobalt Strike C2 Domain,/api/x,119.91.45.113
service-dj3eqgq2-1316113086.gz.apigw.tencentcs.com,Possible Cobalt Strike C2 Domain,/Contact/v9.23/AODFY6X8UV,142.93.2.25
service-e22kp8jz-1259321672.bj.tencentapigw.com.cn,Possible Cobalt Strike C2 Domain,/jquerys-6.3.5.max.js,43.143.168.206
service-g9r06izm-1320366142.gz.tencentapigw.com.cn,Possible Cobalt Strike C2 Domain,/api/x,43.138.168.21
service-hsyluctr-1252427727.bj.tencentapigw.com,Possible Cobalt Strike C2 Domain,/IE9CompatViewList.xml,43.138.20.107
service-hzdzk12c-1318485841.gz.apigw.tencentcs.com,Possible Cobalt Strike C2 Domain,/Test/protect/JZJ8DALCUB,123.207.51.53
service-inqt462u-1314366639.hk.tencentapigw.cn,Possible Cobalt Strike C2 Domain,/jquery-3.3.1.min.js,107.174.254.9
service-inqt462u-1314366639.hk.tencentapigw.cn,Possible Cobalt Strike C2 Domain,/jquery-3.3.1.min.js,154.12.31.24
service-izlolzm0-1318382624.gz.tencentapigw.com.cn,Possible Cobalt Strike C2 Domain,/api/x,114.132.120.166
service-j78tszan-1319584009.sh.apigw.tencentcs.com,Possible Cobalt Strike C2 Fronted Domain,/product,47.104.213.26
service-jj4sc5n0-1325804472.gz.tencentapigw.com.cn,Possible Cobalt Strike C2 Domain,/api/x,43.140.37.49
service-jnajkkdg-1318687485.gz.apigw.tencentcs.com,Possible Cobalt Strike C2 Domain,/Forge/static/HULNWCWI,157.245.222.152
service-k2snyjb7-1326503875.bj.tencentapigw.com.cn,Possible Cobalt Strike C2 Domain,/api/getit,119.45.224.129
service-k43f6rw9-1308954353.kr.apigw.tencentcs.com,Possible Cobalt Strike C2 Domain,/api/getit,101.33.77.74
service-kj4ef32e-1252578700.gz.tencentapigw.com.cn,Possible Cobalt Strike C2 Domain,/api/x,113.31.105.33
service-ku7vp6lj-1253504731.sh.tencentapigw.com,Possible Cobalt Strike C2 Domain,/api/x,124.222.98.112
service-ldzftvcf-1252123187.sh.tencentapigw.com,Possible Cobalt Strike C2 Domain,/api/getit,43.136.176.207
service-lj3klqg6-1308639534.gz.tencentapigw.com.cn,Possible Cobalt Strike C2 Domain,/api/getit,111.230.25.167
service-ps16whvt-1304800271.sh.tencentapigw.com,Possible Cobalt Strike C2 Domain,/api/x,122.51.7.163
service-pw5pdob2-1301751349.gz.tencentapigw.com.cn,Possible Cobalt Strike C2 Domain,/api/x,121.40.213.116
service-qwflcy7c-1305872204.gz.tencentapigw.com.cn,Possible Cobalt Strike C2 Domain,/bootstrap-5.3.1.min.js,124.223.52.82
service-r3og53uv-1303913364.sh.tencentapigw.com,Possible Cobalt Strike C2 Domain,/api/x,122.51.85.143
service-rbr85ft5-1259685312.cd.apigw.tencentcs.com,Possible Cobalt Strike C2 Domain,/api/get,139.155.148.131
service-rkcvh0tf-1252325407.cd.tencentapigw.com,Possible Cobalt Strike C2 Domain,/interface/picture/get,47.108.238.83
set.urlz.ws,Possible Cobalt Strike C2 Domain,/jquery-3.3.1.min.js,38.54.86.90
shop.amazon-aws.fr,Possible Cobalt Strike C2 Domain,/visit.js,87.98.228.243
skynet-i.asuscomm.com,Possible Cobalt Strike C2 Domain,/match,85.175.101.203
static.chat5188.top,Possible Cobalt Strike C2 Domain,/api/v3/s25FogL,47.243.108.86
static.uat.html5.webdisk.media.baidu.com.cn,Possible Cobalt Strike C2 Fronting Domain,/compute/cd/K7BA6V385V,49.232.90.121
sts.tencentopenapi.xyz,Possible Cobalt Strike C2 Domain,/image/,111.229.187.190
su.urlz.ws,Possible Cobalt Strike C2 Domain,/jquery-3.3.1.min.js,38.54.86.90
summerevent2023.com,Possible Cobalt Strike C2 Domain,/tip.php,20.120.177.99
support.meedicalabc.com,Possible Cobalt Strike C2 Domain,/adsid/google/ui,82.180.133.120
support.popuiarenlinea.com,Possible Cobalt Strike C2 Fronted Domain,/lv,142.171.104.108
sz-sourcetail-v4.volcmlt.com,Possible Cobalt Strike C2 Fronted Domain,/mall_100_100.html,39.100.109.229
tdinsuranceapply-a0guehftc6fzegca.a03.azurefd.net,Possible Cobalt Strike C2 Domain,/mms.html,4.206.184.179
test.qqweixinzhuce.top,Possible Cobalt Strike C2 Domain,/wp06/wp-includes/po.php,43.153.228.97
update.360safety.xyz,Possible Cobalt Strike C2 Domain,/IE9CompatViewList.xml,47.105.69.34
update.aliyunupdate.work,Possible Cobalt Strike C2 Domain,/jquery-3.3.1.min.js,43.138.73.164
update.micromain.cfd,Possible Cobalt Strike C2 Domain,/462c30d592f23b18/jquery/3.7.1/jquery.min.js,170.106.169.138
update.microsoftapply.com,Possible Cobalt Strike C2 Domain,/g.pixel,103.186.215.56
update.microsofthk.com,Possible Cobalt Strike C2 Domain,/__utm.gif,154.12.84.6
update.microsoftkernel.com,Possible Cobalt Strike C2 Domain,/__utm.gif,154.12.84.6
update.winservers-network.com,Possible Cobalt Strike C2 Domain,/jquery-3.3.1.min.js,107.149.240.218
upload.windowscdn.cn,Possible Cobalt Strike C2 Domain,/feedapi/v1/newsserver/api/getpassword,139.159.192.61
utilityreport.azureedge.net,Possible Cobalt Strike C2 Domain,/ms-settings,159.203.166.179
v2ray1.mmsy.top,Possible Cobalt Strike C2 Domain,/jquery-3.3.1.min.js,52.253.108.7
v2ray2.mmsy.top,Possible Cobalt Strike C2 Domain,/jquery-3.3.1.min.js,52.253.108.7
verify.update.nadra-pk.org,Possible Cobalt Strike C2 Domain,/visit.js,45.76.90.103
visualstudio.microsoft.com.volcgslb-mlt.com,Possible Cobalt Strike C2 Fronted Domain,/mall_100_100.html,39.100.109.229
vpn.icbcbc.com.cn,Possible Cobalt Strike C2 Domain,/omp/api/get_page_config,111.229.214.58
vsj888.shop,Possible Cobalt Strike C2 Domain,/index.js,39.98.60.175
webpoint.micromoto.fun,Possible Cobalt Strike C2 Domain,/api/3,64.227.107.166
wpscheckmembers.vip,Possible Cobalt Strike C2 Domain,/api/v3/CorporationLimited,8.210.81.151
wraimey.com,Possible Cobalt Strike C2 Fronted Domain,/s/ref=nb_sb_noss_1/167-3294888-0262949/field-keywords=books,44.221.39.41
www.614110.xyz,Possible Cobalt Strike C2 Domain,/milu_image/,18.166.113.176
www.alipan.lol,Possible Cobalt Strike C2 Domain,/api/3,152.42.188.132
www.checktimes.top,Possible Cobalt Strike C2 Domain,/promote/static/XV4SPLMOG,45.61.137.23
www.chiante1ecom.com,Possible Cobalt Strike C2 Domain,/jquery-3.3.1.min.js,43.143.193.228
www.chinamobile.live,Possible Cobalt Strike C2 Domain,/api/3,35.224.58.250
www.chinamobile.live,Possible Cobalt Strike C2 Domain,/push,45.152.67.31
www.dahuatec.xyz,Possible Cobalt Strike C2 Domain,/www/handle/doc,43.136.38.59
www.dq.sched.vip-dk.tdnsvod1.cn,Possible Cobalt Strike C2 Fronted Domain,/compute/cd/K7BA6V385V,49.232.90.121
www.fiash.info,Possible Cobalt Strike C2 Domain,/api/3,101.36.111.175
www.flash-update.info,Possible Cobalt Strike C2 Domain,/IE9CompatViewList.xml,47.105.69.34
www.flashl.tw,Possible Cobalt Strike C2 Domain,/jsbhn.js,23.94.169.124
www.flashl.tw,Possible Cobalt Strike C2 Fronting Domain,/mylibs.js,23.94.169.124
www.gfyl.fun,Possible Cobalt Strike C2 Domain,/jquery-3.3.1.min.js,47.120.17.76
www.hainanwctvme.xyz,Possible Cobalt Strike C2 Domain,/image/,115.159.50.50
www.hathawaya.xyz,Possible Cobalt Strike C2 Fronted Domain,/about,154.205.138.72
www.installbootstrap.com,Possible Cobalt Strike C2 Domain,/s/ref=nb_sb_noss_1/167-3294888-0262949/field-keywords=books,52.37.96.65
www.jumpsrever.top,Possible Cobalt Strike C2 Domain,/__utm.gif,64.7.198.58
www.microsoftonline.info,Possible Cobalt Strike C2 Domain,/j.ad,47.236.185.166
www.microsoftsendtime.shop,Possible Cobalt Strike C2 Domain,/promote/static/XV4SPLMOG,193.149.185.14
www.myhuaweicloud.com,Possible Cobalt Strike C2 Fronting Domain,/info,124.223.220.143
www.qichen.fun,Possible Cobalt Strike C2 Domain,/ca,61.139.24.20
www.rollupdate.com,Possible Cobalt Strike C2 Domain,/rn.js,45.125.67.49
www.sonystore.xyz,Possible Cobalt Strike C2 Domain,/jquery-3.3.1.min.js,39.98.192.104
www.stylejason.com,Possible Cobalt Strike C2 Domain,/push,188.114.97.3
www.test9977.tk,Possible Cobalt Strike C2 Domain,/IE9CompatViewList.xml,47.99.177.59
www.test9977.tk,Possible Cobalt Strike C2 Domain,/cx,47.99.177.59
www.testabcdtest.xyz,Possible Cobalt Strike C2 Domain,/jquery-3.3.1.min.js,8.218.192.174
www.testtttt.com,Possible Cobalt Strike C2 Domain,/__utm.gif,212.64.24.30
www.vip8806.mom,Possible Cobalt Strike C2 Domain,/jquery-3.3.1.min.js,156.251.172.80
www.weather.pm,Possible Cobalt Strike C2 Domain,/jquery-3.3.1.min.js,111.223.247.232
www.weepstakes.com,Possible Cobalt Strike C2 Domain,/images/branding/googlelogo/1x/googlelogo_color_150x54Dp.png,185.32.126.51
www.xahoithongtins.com,Possible Cobalt Strike C2 Domain,/jquery-3.5.6.min.js,103.143.208.215
www.yamaxun.blog,Possible Cobalt Strike C2 Fronted Domain,/Originate/v4.01/QGQTNORA,38.147.171.36
www2.eastus.cloudapp.azure.com,Possible Cobalt Strike C2 Domain,/async/newtab_promos,20.104.172.62
yamaxun.blog,Possible Cobalt Strike C2 Fronting Domain,/Originate/v4.01/QGQTNORA,38.147.171.36
zj.court.cn.com,Possible Cobalt Strike C2 Domain,/jquery-3.3.1.min.js,149.104.24.217
zx.scsvcreg.com,Possible Cobalt Strike C2 Domain,/tab_shop_active,5.188.86.28
