value,decay_sore,value_type,event_id,event_info
getcoronavirusalert.com
coronaviruss.ir
coronavirus-mask.com
coronavirus-monitor.com
coronavirusmedicalkit.com
silviaformigligooo.us
krt1.site
safuuf7774.pw
investinyouproject.com
uk-covid-19-relieve.com
ftp.adamestarsa.hu
coronaviruscovid19-informationp.com
f444.top
f444.xyz
canalcero.digital
demolishcoronavirus.com
holdmycorona.com
howtostopcorona.com
coronavirusracism.com
newcoronababy.com
coronafinancialhardship.com
elcoronalive.com
initiative-gegen-corona.com
initiativegegencenconon.com
ikillcorona.com
corona-virushoax.com
askcorona.com
coronavirusdisaster.com
coronavirus-vac.com
coronavirus2019vaccine.com
mycoronarisk.com
mapadocoronavirus.com
coronavirusgohome.com
coronawashhands.com
comoprevenirelcoronavirus.com
mycoronas.com
corona-connect.com
coronavirus-oregon.com
coronainfoupdate.com
ifightcorona.com
coronavirith.com
coronavirusnomore.com
coronafreeevents.com
corona-viruslawsuit.com
coronavirus-ventilator.com
covercoronavirus.com
coronavirusvaccineus.com
thankscorona.com
hybridcoronastrain.com
coronavirusriots.com
coronatracker2020.com
coronavirus-guru.com
fuckingcorona.com
coronavirus-sanfrancisco.com
coronahp.com
coronavirus-southkorea.com
coronalitevirus.com
getcoronavirusassistance.com
coronavirusbusinessrelief.com
stopcorona.com
loveinthetimeofthecoronavirus.com
coronavirussurvivalsystem.com
coronaconcious.com
coronavirushiv.com
corona-coaching.com
coronaviruskirkland.com
coronavirustestinglocation.com
coronavirusfundingbailout.com
coronavirus-louisiana.com
watchcorona.com
coronapocalypse666.com
mycoronajournal.com
coronaimmunesupport.com
coronatraveladvice.com
goiglecoronavirus.com
googlecoronavvirus.com
googlecoronavirua.com
coronacleaningcontractor.com
coronavirusdeclassified.com
coronavirusvr.com
googlecoronavirs.com
thecoronatimes.com
googlecoronavius.com
coronavirusupdateusa.com
googlecoronaviru.com
coronavirusfinancialrelief.com
coronauprising.com
coronazappers.com
vaccincorona.com
fightcorona-virus.com
googlecoronacirus.com
goolgecoronavirus.com
uelcontracoronavirus.com
testmycorona.com
coronavisrus.com
coronababyusa.com
coronasoup.com
viruscoronanews.com
healthforcorona.com
coronabreak2020.com
coronavital.com
coronatonics.com
coronavirus-ai.com
coronanewshub.com
coronavirusassistant.com
coronavirus-pledge.com
coronaviresnewnow.com
reikicoronavirus.com
iwouldratherodthandieofcoronavirus.com
coronavirusfighterstore.com
iwouldratherdieofcoronavirusthangotodetroit.com
coronanny.com
coronavirusstatisticsandinformation.com
coronarecipes.com
coronacleanupcrew.com
coronadaisycarnival.com
coronavirusremede.com
seattlecoronasurvivor.com
coronatoolkit.com
shutdowncorona.com
coronabirusnewsnow.com
ddscorona.com
coronafile.com
coronahelpdirectory.com
coronavirusjesus.com
coronavirusnewsnnow.com
coronagirusnewsnow.com
coronavirusconsultation.com
ithinkihavethecoronavirus.com
nycoronalawyers.com
coronavirussecure.com
nycoronalaw.com
coronafundme.com
coronavirusmaskreview.com
coronagen.com
coronavirustestingnow.com
churchandcoronavirus.com
corona-mart.com
coronavirusnewspakistan.com
coronavirusfastclean.com
mycoronavirusclaim.com
corona-virussupport.com
coronakillclock.com
coronasicknesstreatment.com
coronavirushelpcenters.com
phongdichcorona.com
coronabuzz.com
coronaviruspatientobservation.com
mauicoronaupdate.com
coronavirus-what-to-buy.com
coronavirus-19news.com
coronavirustrumps.com
sportsandcorona.com
coronavirus19disclosure.com
coronavirustheend.com
studentloancoronavirus.com
coronavirus19reports.com
driveincoronavirustesting.com
thecoronachronicles.com
studentloanscoronavirus.com
coronavirusaisafetysolution.com
coronaviruspandemicusa.com
coronavirusremotepatientobservation.com
feliciascoronatagebuch.com
coronavirusrelieffund.com
coronavirus112.com
coronacaequipment.com
coronapetit.com
coronacage.com
chateaucorona.com
norwegiancoronavirusscam.com
coronaproterctor.com
coronavirusoutbreaktees.com
coronabrightside.com
khmercorona.com
coronakenya.com
coronavirussurvivorsdiaries.com
thecoronavirussurvivorsdiaries.com
masks-for-corona-virus.com
coronavirus-franchise.com
thecoronavirusdiaries.com
coronavirussurvivordiaries.com
thecoronavirussurvivordiaries.com
viralcoronapneumonia.com
coronavirus-hero.com
coronaviralpneumonia.com
coronavirusen.com
coronapic.com
freecoronavirusoffer.com
coronavirusmedicene.com
coronaviruscleans.com
coronafighting.com
coronamicrobe.com
prevencioncoronavirus.com
coronaofficial.com
coronavirus-selfisolation.com
redshirtcorona.com
barcoronareal.com
pisosygrescorona.com
ayudas-coronavirus.com
coronavirus-remotely.com
coronaherbalmask.com
coronaclass2020.com
casoscoronavirus.com
coronacruisers.com
coronahealthcheck.com
coronavirusefacts.com
corona-attacks.com
coronavirusdidnotkillme.com
corona-virus-test-kits.com
coronatestfinder.com
corona-report.com
the-corona-diaries.com
cookingthroughcorona.com
coronahealthsupply.com
stopcoronavirusaragon.com
coronaviruspreventionbundle.com
coronavirustweets.com
coronavgifts.com
coronavirushealthguide.com
desinfectercoronavirus.com
coronasmith.com
coronarules.com
coronadelco.com
coronaviruscomms.com
veiligcorona.com
coronamontco.com
coronabucks.com
coronamaskz.com
coronaviruscleanercalifornia.com
coronacompare.com
hopewhilecorona.com
luchacontracoronavirus.com
coronavirusutah.com
coronadeathmadness.com
canlicorona.com
howmanypeoplewilldiefromcoronavirus.com
mycorona19safemask.com
corona-unternehmenshilfe.com
coronavirgins.com
coronapotion.com
coronadrones.com
coronaescapes.com
coronacancer.com
coronamapa.com
coronapandemicstore.com
coronaviews.com
mapacorona.com
coronavirus-pharmaceuticals.com
coronaholistic.com
iamcoronafree.com
coronavirusresponseact.com
coronahomegym.com
coronavirus-info-chatbot.com
coronavirus-com.com
coronafactbot.com
coronavirus-latest-update.com
corona-virustv.com
service-corona.com
worldvscorona.com
coronaviruscovid19-information.com
corona-weltuntergang.com
preventcoronavirus19.com
officialcoronavirus19.com
coronabolona.com
resistiendoalcoronavirus.com
coronabulletproof.com
sanantoniocorona.com
desinfection-coronavirus.com
wecleanupcoronavirus.com
coronavirus-symptoms.com
coronavirus-treatments.com
coronavirustreatments.com
corona-hotspots.com
austincorona.com
coronavirus-vaccine.com
coronawehelp.com
corona-we-help.com
nocorona2020.com
coronaincomeloss.com
coronaperks.com
corona19labtesting.com
fxcorona.com
coronavirusprotectivewear.com
corona-map-data.com
lavageautomobilecoronavirus.com
coronavirusforeclosure.com
coronavd19.com
shaham-corona.com
stickitcorona.com
coronalb.com
just-corona-bro.com
keepawaycoronavirus.com
coronavirusandyourhomesale.com
corona-19virustestkit.com
coronavirusshoppingmall.com
corona-boom.com
coronavirus-dr.com
coronaswan.com
coronavirus-lb.com
coronaaftermath.com
coronavirusprotectionmask.com
postcoronaworld.com
americapostcorona.com
coronavirus-ppe.com
coronaviruscooking.com
imacoronababy.com
thenextcorona.com
coronavirusymptoms.com
survivorsofcorona.com
novelcoronavirusinfo.com
coronashoppingmall.com
worldaidagainstcorona.com
emerycoronatestkit.com
coronavirushelptest.com
world-coronavirus.com
thecoronahelp.com
corona-beratung.com
coronapreneur.com
quehacerencuarentenaporcoronavirus.com
mycoronatruth.com
coronatruths.com
corona-anwaelte.com
coronavirus-oubreak.com
coronavaccinenews.com
corona-folgen.com
coronavirusvaccinetrial.com
coronastopers.com
coronaviruscleaningmontreal.com
coronakampf.com
coronavirusdiseasedailyupdates.com
coronajamaica.com
coronavirusautotest.com
coronavirusforkids.com
coronatini.com
coronavirusgovernmentrelief.com
coronaviruspracticeupdate.com
turkiyedecorona.com
sliderscoronas.com
coronakickstarter.com
countrycorona.com
coronavirusww.com
healthcorona.com
corona-aktuell.com
thecoronavirusspreads.com
coronavirus-tipps.com
coronavirusdestroyer.com
snfcoronavirusupdate.com
coronavirusforgyms.com
felipeydanielacoronado.com
corona-virus-recession.com
coronavirusvshousekeeping.com
coronasmallbizassist.com
askaboutcorona.com
killthecoronavirusclothing.com
coronarightnow.com
coronavirusfired.com
coronavirusng.com
novelcoronavirus2019.com
corona-credit.com
coronaisleofman.com
coronavirusemploymentresources.com
fantcoronaes.com
coronavirusemployment.com
coronahits.com
iamthecoronavirus.com
coronavirusvaccineprogress.com
coronavirusclosingsnys.com
coronacarecard.com
coronavirusathometesting.com
coronavirusclosingsny.com
coronacountrymap.com
coronaidconcert.com
coronavirusrefugee.com
coronaidlive.com
yocogicoronavirus.com
theanticorona.com
coronavirusdisinfectantsupply.com
coronatestingcenter.com
coronavirus5k.com
coronaviruswatchlist.com
coronadelmarluxury.com
coronavid19cleaners.com
coronaaway.com
coronavirusisolationkit.com
coronavirusinfomap.com
coronacruiselawyers.com
chroniccorona.com
coronaviruscruiselawyers.com
coronaviruscruiselawyer.com
coronapublication.com
coronacopia.com
cheapcorona.com
pratacorona.com
coronaclassattorney.com
coronavirustesterfinders.com
coronavirusfreesummer.com
coronavirus-maps.com
chatbotcoronavirus.com
anticoronavirusgh.com
anticoronavirusghana.com
nbacoronavirus.com
coronavirusvacaville.com
coronavirus-emergency-kit.com
coronaviruscenters.com
corona-hilfe.com
coronavirus-products.com
coronavirus-live-updates.com
coronavimmune.com
coronaviruscongress.com
coronatility.com
coronavirusnc.com
homecoronatesting.com
goodaftercorona.com
corona-compare.com
antiviruscoronacovid.com
bestcoronatest.com
coronaviruscasesintheus.com
notcoronavirusnews.com
antiviruscoronacovid19.com
coronavir20.com
coronablessing.com
fastcoronatest.com
bintangcorona.com
coronavirusfaith.com
coronacasasenventa.com
coronarealestatehomesforsale.com
inhomecoronatest.com
corona-soforthilfe.com
coronacease.com
thecoronacourse.com
coronavirussystem.com
coronadisruption.com
coronacontrolshop.com
coronamalta.com
corona-heroes.com
nacerentiemposdelcoronavirus.com
newcoronavirustest.com
coronaantiviruss.com
diycoronatest.com
startupsagainstcorona.com
fightcoronavirus.com
corona-defence.com
coronavirus-helpline.com
startupsagainstcoronavirus.com
c19corona.com
coronaviruslawscalifornia.com
coronavirusezprevention.com
letsfightcorona.com
fightvscorona.com
corona-virus-world.com
coronaclarity.com
corona-rettungsschirm.com
coronainsider.com
coronavirusdivorce.com
injurycoronavirus.com
fuckingwuhancoronavirus.com
shouldercoronavirus.com
coronaholic.com
togetherwithcoronavirus.com
corona-face-mask.com
anticoronavirustienda.com
coronaviruscool.com
findcoronatest.com
coronaviruslegale.com
coronajob.com
togetherwithcorona.com
coronaclassrooms.com
anticoronaviral.com
corona-virus-masque.com
coronacruiseclaims.com
coronaviruspandemicsymptoms.com
coronasafeusa.com
coronavirus-face-mask.com
coronavirusavvocati.com
coronavirusfacemaskprotector.com
getcheckedforcoronavirus.com
mycoronapatch.com
coronaontzorgt.com
corona-bremen.com
coronacrafts.com
coronavirus-work-from-home.com
coronavirussurvivals.com
coronaviruschinamarket.com
samedaycorona.com
coronavirusdentistry.com
games4coronavirus.com
corona-saarland.com
coronavirusresponders.com
coronavirusdao.com
coronahosts.com
coronavirusorthodontics.com
challengewithcorona.com
fucoronavirusshirt.com
coronavirustogether.com
lovetravelcorona.com
hopeinthetimeofcorona.com
coronavirus-whattodo.com
coronavirustestnearme.com
corona-man.com
coronavirusshirtco.com
coronaempathyhotline.com
coronavirus5minutemdconsult.com
athomewithcorona.com
metacorona.com
coronavirust-shirts.com
mobilecoronatesting.com
coronavirus-podcast.com
coronadefensejobs.com
corona-ai.com
coronaviruspandemiccure.com
coronavirusactnow.com
caterersvscoronavirus.com
coronabeat.com
coronaginger.com
justcoronavirus.com
coronaviruscureclinic.com
dichviruscorona.com
coronafior.com
chinawuhancoronavirus.com
coronavirusbabys.com
jahemerahcorona.com
coronahazmatsuits.com
corona-rechtsanwalt.com
aboutcoronaviruses.com
2020coronaoutbreak.com
yourcoronavirustest.com
coronavirusandmask.com
coronacoffeenyc.com
thecoronavirusmovie.com
coronaviruscuretreatment.com
coronavirusmysterys.com
coronavirus-drivethrough.com
bloginthetimeofcorona.com
fedcoronaassistance.com
igotthethecoronablues.com
coronacureblog.com
coronavirustestguidelines.com
coronamyths.com
fedcoronarelief.com
federalcoronarelief.com
coronafedassistance.com
coronagigs.com
coronabi.com
corona-virus-attorney.com
coronasprayersandmisters.com
diagnosecorona.com
overcomecoronavirusnow.com
keepsafefromcoronavirus.com
corona-viruslaw.com
coronavirushomeinternet.com
coronanewborn.com
coronavirushealthclinic.com
betoncoronavirus.com
coronavirusfuneralsnyc.com
coronasbaby.com
anticoronaservice.com
coronavirusonlinehelp.com
coronaworkout.com
coronavirushelpvirtual.com
coronaemploymentsolution.com
coronavirusmedicalclinics.com
isurvivedcoronavirustshirts.com
coronaimpactnyc.com
coronareliefchicago.com
withcorona.com
coronavirustelecare.com
masque-corona-virus.com
corona-stats.com
prevenir-coronavirus.com
coronanotifications.com
coronavirus-homeschool.com
coronaviruswalknyc.com
coronavirusviral.com
coronavirussticker.com
coronavirusmyeloma.com
coronavirustestusa.com
360corona.com
coronafordays.com
coronavirusimpactlondon.com
coronavirussupplyshopping.com
instacoronavirus.com
corona-travels.com
mycoronastatus.com
insuranceclaimcoronavirus.com
claimcoronavirus.com
coronavirus-services.com
yacorona.com
coronaandcancer.com
factsnotfearcoronavirus.com
coronavirusfacials.com
coronavirus-tee.com
factsnotfearcorona.com
coronahut.com
coronavirusyopal.com
coronavirus-baby.com
coronahilfmittel.com
coronahilfspaket.com
coronaviruslawyerusa.com
coronavacances.com
coronaspreadtest.com
johncoronacovid.com
coronaviruswalknewyork.com
coronahomeschool.com
workfromhomecorona.com
kn95forcoronavirus.com
whattobuyforcoronavirus.com
coronaretirement.com
bestcoronamasks.com
instacorona.com
problemilegalicoronavirus.com
coronamakeoverchallenge.com
coronababyboomer.com
2020coronageddon.com
coronavirusgameplan.com
finlandcoronavirus.com
uscoronavirusresources.com
coronavirustestkitamerica.com
coronavirusquestionaire.com
coronacateringusa.com
hyphycoronavirus.com
corona-spread-test.com
exterminatecoronavirus.com
coronavirusrun.com
coronattire.com
coronavirus-hospital.com
coronavirusheatmap.com
coronaround.com
coronavirusupdateus.com
masks-for-coronavirus.com
deepcleancoronavirus.com
sanitizeragainstcoronavirus.com
coronaseliypau.com
joyascorona.com
coronawebdamowa.com
decoronation.com
childcarecorona.com
availablecoronatest.com
coronavirustestinglocations.com
puertasyventanascoronado.com
coronavirustestdallas.com
fuckthecorona.com
coronavirustestdfw.com
uscoronafacts.com
stiricoronavirus.com
survivecoronavirusfinancially.com
coronaheadmasterfootball.com
coronatexsas.com
playacoronadorental.com
corona5.com
corona115.com
coronavirusultimahora.com
corona-virus-latest-update.com
coronamaskprotection.com
photoscoronado.com
coronascuba.com
coronavirus-live-update.com
coronater.com
coronafighter.com
zincorona.com
coronavirus-hotline.com
coronaknowledge.com
coronanumbers.com
coronafall.com
directcoronavirus.com
vencealcoronavirus.com
corona-virus-france.com
coronavirusupdatenews.com
carecoronavirus.com
coronavirusinjuries.com
coronafirewall.com
coronavirus-hometest.com
coronasafebiz.com
coronavirusbroward.com
viagracorona.com
corona-masque.com
coronabra.com
paracorona.com
coronacuretracker.com
coronakilledthenhl.com
coronavirustestingcenter.com
coronavirustestingla.com
severeacuterespiratorysyndromecoronavirus2.com
prayformecoronavirus.com
coronacleanllc.com
coronavirusthreats.com
bidencoronavirus.com
coronainvaders.com
leadingintheageofcoronavirus.com
coronavirustestca.com
thecoronaviruswebsite.com
samedaycoronavirustesting.com
bcorona.com
corona4president.com
defenseagainstcorona.com
coronafromhome.com
howthecoronabeginning.com
uvcorona.com
mapadelcoronavirus.com
anticoronaherbal.com
thecoronaattorneys.com
coronazikadisease.com
1stcoronatest.com
postcoronaamerica.com
coronavirusfactsandfears.com
conquer-coronavirus.com
thecoronaviruslawfirm.com
thecoronalawyers.com
onlinecoronavirustelemedicine.com
coronavirusvids.com
diagnostic-coronavirus.com
coronaisreal.com
coronazon.com
coronacandle.com
coronaviruspandemicupdate.com
coronaviruscondition.com
coronastem.com
coronavirustestflorida.com
mycoronalawfirm.com
coronaineurope.com
coronavirusexpertsecrets.com
prevenciondelcoronavirus.com
coronafobi.com
coronalawattorney.com
stopcoronarivus.com
coronavupdates.com
coronaclean4u.com
coronasupplychain.com
ibuycoronavirushouses.com
onestopcoronashop.com
coronasbaloan.com
coronateleworking.com
forcoronavirustesting.com
forcoronavirustestkits.com
cazacoronavirus.com
testathomecoronavirus.com
coronashopper.com
zcorona.com
gocoronavirustest.com
prayercoronavirus.com
clearcorona.com
survivorcoronavirus2020.com
coronaviruspersonalinjuries.com
wesurvivedcoronavirus2020.com
coronatestingnow.com
findcoronavirustest.com
coronavirusclothes.com
usacovid-19coronavirus.com
coronavirus-loans.com
coronareset.com
coronawidow.com
certifiedcoronavirustrainer.com
survivedcoronavirus2020.com
real-corona-virus.com
coronavirusprayergroup.com
worldcoronavirusresistance.com
floridacoronavirussolutions.com
wewillsurvivecoronavirus.com
corona-craft.com
coronavirusloses.com
coloradocoronamedicalsupplies.com
coronavirusdietplan.com
anticoronavirusdrugs.com
cbdforcorona.com
coronatomorrow.com
cocoronavirussupplies.com
commonsenseandcoronavirus.com
coronacvs.com
coronavitaminciv.com
coronareliefloan.com
isurvivedthecoronavirustshirt.com
coronaside.com
surivecorona.com
coronatestsites.com
mapcorona19.com
coloradocoronavirusservice.com
elections-and-coronavirus.com
cdcquickswabtestcoronavirus.com
coronauni.com
corona-pharm.com
vaincrelecorona.com
coronavirisnewnow.com
coronavirustestsite.com
txcorona.com
coronavirusnewsmap.com
classofcorona.com
coronacleancouriers.com
coronazikaprevention.com
cocoronacuremedicalsupplies.com
limpiezas-stopcoronavirus.com
ivcorona.com
coronavirusbusinessloans.com
coronacleaningdocs.com
coronasteps.com
coronaviruswebsitenotice.com
missioncorona.com
thankscoronavirus.com
coronavirusnewsnoe.com
coronaviresnewsnow.com
coronaampworks.com
cocoronavirusmedical.com
coronaviruswhere.com
coronavirusnewnews.com
coronavirusreparations.com
coronavil.com
losmexicanosinmunesalcoronavirus.com
asapcoronavirus.com
coronavirusnotice.com
corona-cannabis.com
coronasessionsnola.com
coronacleaningco.com
flcoronavirussolutions.com
curecoronavirustoday.com
anticoronavirusmovie.com
abccoronavirus.com
coronachild.com
coronavirus-sba.com
elamorenlostiemposdelcorona.com
coronafreewater.com
corona19survivor.com
fvck-corona.com
corona19test.com
coronavirusbusinessclaims.com
coronaestimate.com
acoronaviruscure.com
novelcoronavirustestingkit.com
coronavirusiv.com
coronavirusdecontaminate.com
corona-cases.com
coronadont.com
novelcoronavirusworldtour2020.com
solucionescoronavirus.com
coronavirusmadeinchina.com
quicktestcoronavirus.com
coronaviruscbus.com
safecoronasex.com
coronaroom.com
coronavirusgossip.com
coronavirusprhelp.com
coronavirus3.com
howtodefeatcoronavirus.com
coronavirustestclinic.com
coronavolunteers.com
corona-kriese.com
corona-survivors.com
coronashoppingguide.com
coronacleanssanitizer.com
coronaffair.com
clobberthecorona.com
gegen-corona.com
notgetcoronavirus.com
mycoronacation.com
coronavirusya.com
coronavirusinuk.com
coronavirusinfonow.com
coronavirushealthhelp.com
corona-vital.com
usacoronavirustesting.com
coronaviruscureuk.com
hashtagcorona.com
bbkcoronavirus.com
coronascale.com
coronavirusart.com
coronatestsearch.com
coronavirustestingmap.com
combatingcoronaviruspodcast.com
coronadistancing.com
corona-israel.com
coronavirusdiaryfilm.com
coronamance.com
coronavirusboca.com
coronaviruslies.com
coronavirus19update.com
mitigatecorona.com
coronavirusbuyersguide.com
xn--coronanios-09a.com
coronavirus2020updates.com
coronagenaration.com
coronaconomy.com
northerncoronagrief.com
coronaclothfacemasks.com
coronawashablefacemask.com
coronaclysm.com
finlandcoronastats.com
coronavirusbat.com
coronawashablefacemasks.com
coronastamps.com
coronalifeline.com
chinesecoronavirus2020.com
corona10.com
cookingforcorona.com
battagliacoronavirus.com
coronarunner.com
corona-insovenz.com
coronavirusheroes.com
coronavirusselfhelp.com
coronacuts.com
coronaials.com
coronavirusupdatecdn.com
coronavirusarabic.com
coronamadrid.com
killcorona19.com
coronavirii.com
closed4corona.com
corona-meinestadt.com
mobilecoronavirustestingsites.com
coronavirusfrombat.com
coronaradiation.com
buzzcorona.com
coronadecon.com
coronavirusdiseasecarnival.com
gestoriaertescoronavirus.com
coronatrendbycountry.com
corona-antworten.com
coronaton.com
coronaeliminators.com
thecoronavirususa.com
wuhan-coronavirus-survivors.com
coronacallout.com
mundocoronavirus.com
thecoronasessions.com
corona-homework.com
corona-homeschooling.com
figlidelcorona.com
coronalayoff.com
coronaclaimhelp.com
coronamayhem.com
coronavirustrial.com
coronareportcenter.com
lebenmitcorona.com
corona-answers.com
coronaviruschoral.com
thecoronavirus100.com
screencorona.com
classactioncoronavirus.com
coronavets.com
coronaviruslessons.com
binghamtoncoronavirus.com
coronavirusapp.site
dating4sex.us
dating4free.us
perfectdating.us
redditdating.us
alphacoronavirusvaccine.com
anticoronaproducts.com
beatingcorona.com
beatingcoronavirus.com
bestcorona.com
betacoronavirusvaccine.com
buycoronavirusfacemasks.com
byebyecoronavirus.com
cdc-coronavirus.com
combatcorona.com
contra-coronavirus.com
corona-armored.com
corona-crisis.com
corona-emergency.com
corona-explained.com
corona-iran.com
corona-ratgeber.com
coronadatabase.com
coronadeathpool.com
coronadetect.com
coronadetection.com
coronavirusmedicalkit.com
groundsnack.icu
eagleeyeapparels.com
corona-masr2.com
dtipgifts.com
uk-covid-19-relieve.com
raymondne.buzz
footytube.top
kampcbation.info
acoer.com
mtaout.hs-regensburg.de
mtaout.hs-regensburg.de
brokenservices.xyz
eagleeyeapparels.com
coronavirusvr.com
fantcoronaes.com
coronavirusvshousekeeping.com
coronaviruspracticeupdate.com
thecoronaviruslawfirm.com
sanantoniocorona.com
coronajob.com
beatingcorona.com
fightcorona-virus.com
coronavirus-ppe.com
cheapcorona.com
corona-explained.com
buycoronavirusfacemasks.com
bloginthetimeofcorona.com
mitigatecorona.com
beatingcoronavirus.com
coronavolunteers.com
coronavirusutah.com
fuckingwuhancoronavirus.com
exterminatecoronavirus.com
elamorenlostiemposdelcorona.com
fedcoronarelief.com
coronavirusremotepatientobservation.com
factsnotfearcorona.com
mobilecoronatesting.com
diagnosecorona.com
coronafirewall.com
coronavirusng.com
coronavirus-louisiana.com
coronavirusdentistry.com
stopcoronavirusaragon.com
corona-aktuell.com
comoprevenirelcoronavirus.com
coronavirusmyeloma.com
thecoronacourse.com
corona-saarland.com
postcoronaworld.com
mail.eagleeyeapparels.com
coronacasasenventa.com
onestopcoronashop.com
coronaholic.com
corona-cases.com
masks-for-corona-virus.com
coronavirusya.com
coronahealthcheck.com
coronavirus-whattodo.com
overcomecoronavirusnow.com
coronavirusezprevention.com
coronacleanllc.com
coronavirusdeclassified.com
anticoronavirustienda.com
corona-boom.com
coronavirusviral.com
coronavirusexpertsecrets.com
thankscorona.com
coronavirus-remotely.com
coronavirushealthclinic.com
coronalb.com
coronaviruscool.com
acoer.com
dating4sex.us
coronavitaminciv.com
mycoronalawfirm.com
real-corona-virus.com
thecoronavirussurvivordiaries.com
coronasafebiz.com
corona-attacks.com
coronavirusdiseasecarnival.com
corona-soforthilfe.com
coronavirus-ventilator.com
coronadaisycarnival.com
coronavirusinfonow.com
desinfectercoronavirus.com
coronavirus-ai.com
coronaconcious.com
coronaside.com
bintangcorona.com
coronavirusdidnotkillme.com
coronaisreal.com
coronavirusww.com
coronavirusnewsmap.com
coronavirusthreats.com
togetherwithcoronavirus.com
coronapic.com
f444.top
coronavirustestkitamerica.com
coronaherbalmask.com
coronavirustestsite.com
letsfightcorona.com
coronavirusandmask.com
coronavirus-symptoms.com
coronastopers.com
coronaviruswhere.com
coronavirustreatments.com
worldaidagainstcorona.com
coronavirusloses.com
coronaperks.com
survivorcoronavirus2020.com
coronalayoff.com
aboutcoronaviruses.com
corona-vital.com
coronalifeline.com
resistiendoalcoronavirus.com
coronatestfinder.com
vencealcoronavirus.com
barcoronareal.com
coronaempathyhotline.com
thecoronahelp.com
quicktestcoronavirus.com
corona-armored.com
coronavirus5k.com
startupsagainstcoronavirus.com
corona-insovenz.com
bbkcoronavirus.com
corona-antworten.com
mycorona19safemask.com
preventcoronavirus19.com
raymondne.buzz
mapadelcoronavirus.com
coronavirussystem.com
thecoronavirusmovie.com
uvcorona.com
2020coronageddon.com
prayercoronavirus.com
coronavirus-live-updates.com
coronacrafts.com
wewillsurvivecoronavirus.com
coronafall.com
footytube.top
ithinkihavethecoronavirus.com
corona-pharm.com
coronavirusfreesummer.com
howtostopcorona.com
veiligcorona.com
coronavirus-vaccine.com
leadingintheageofcoronavirus.com
losmexicanosinmunesalcoronavirus.com
coronaswan.com
stickitcorona.com
coronavirustestnearme.com
coronadeathpool.com
corona-israel.com
coronavirgins.com
instacoronavirus.com
the-corona-diaries.com
coronaimpactnyc.com
fightvscorona.com
corona-iran.com
coronavirustestinglocation.com
workfromhomecorona.com
coronavirus-live-update.com
coronaampworks.com
coronabi.com
coronaviruswalknyc.com
motivation.neighboring.site
abccoronavirus.com
coronavirusvaccineprogress.com
novelcoronavirusworldtour2020.com
thecoronaviruswebsite.com
coronavirusforkids.com
coronaisleofman.com
coronakilledthenhl.com
uelcontracoronavirus.com
coronanewborn.com
coronareliefloan.com
coronashopper.com
coronavirus-dr.com
coronavirusapp.site
anticoronavirusmovie.com
googlecoronavirua.com
coronatonics.com
zcorona.com
snfcoronavirusupdate.com
eagleeyeapparels.com
coronaclarity.com
initiativegegencenconon.com
curecoronavirustoday.com
getcoronavirusassistance.com
coronasoup.com
coronazikadisease.com
cazacoronavirus.com
coronavirusfuneralsnyc.com
coronaviruscleans.com
coronafinancialhardship.com
mycoronavirusclaim.com
worldcoronavirusresistance.com
coronaheadmasterfootball.com
coronavirustestca.com
thankscoronavirus.com
dtipgifts.com
coronavirusoutbreaktees.com
masks-for-coronavirus.com
coronater.com
coronaviruspandemiccure.com
coronavirus-maps.com
deepcleancoronavirus.com
johncoronacovid.com
coronamaskprotection.com
corona-unternehmenshilfe.com
hashtagcorona.com
fxcorona.com
uscoronavirusresources.com
service-corona.com
mundocoronavirus.com
coronaviruscondition.com
corona-hilfe.com
corona19survivor.com
coronaclassrooms.com
coronaclysm.com
coronavirus-tee.com
yacorona.com
coronaviruscovid19-informationp.com
coronavirusprotectionmask.com
coronavirusdietplan.com
coronavirustrial.com
coronaviresnewnow.com
corona10.com
coronatestsites.com
redshirtcorona.com
txcorona.com
anticoronaviral.com
usacovid-19coronavirus.com
corona-stats.com
coronavirushealthhelp.com
coronavirus-work-from-home.com
lovetravelcorona.com
togetherwithcorona.com
asapcoronavirus.com
coronamicrobe.com
coronaineurope.com
withcorona.com
coronavirustweets.com
novelcoronavirusinfo.com
luchacontracoronavirus.com
coronatestingcenter.com
coronafordays.com
coronavirus-tipps.com
coronaconomy.com
coronamaskz.com
coronababyboomer.com
coronawashablefacemask.com
coronavirusbabys.com
cdc-coronavirus.com
bestcoronamasks.com
lebenmitcorona.com
coronavirusclosingsny.com
dating4free.us
googlecoronavirs.com
bcorona.com
coronaviruscenters.com
coronatracker2020.com
coronacleaningco.com
coronavgifts.com
coronavirusimpactlondon.com
reikicoronavirus.com
keepsafefromcoronavirus.com
felipeydanielacoronado.com
coronavirusforgyms.com
coronavirusupdatecdn.com
masque-corona-virus.com
corona-virus-recession.com
caterersvscoronavirus.com
coronavirusiv.com
coronastamps.com
coronacruiseclaims.com
coronazon.com
coronainvaders.com
coronavirus-pledge.com
coronavirusdecontaminate.com
coronavirussecure.com
canalcero.digital
coronapotion.com
coronavirith.com
imacoronababy.com
coronavirusupdateusa.com
athomewithcorona.com
coronavirusonlinehelp.com
feliciascoronatagebuch.com
kampcbation.info
cocoronavirusmedical.com
casoscoronavirus.com
coronafighting.com
studentloanscoronavirus.com
coronavirusdestroyer.com
coronadelco.com
coronasprayersandmisters.com
prevenciondelcoronavirus.com
coronacleanssanitizer.com
corona-virus-test-kits.com
coronadistancing.com
coronavirusshirtco.com
coronaviruspreventionbundle.com
coronaviruscleanercalifornia.com
corona-folgen.com
nycoronalaw.com
coronavirusfactsandfears.com
coronavirusboca.com
wesurvivedcoronavirus2020.com
googlecoronavius.com
coronavirusvaccinetrial.com
coronaviruschoral.com
coronavirusaisafetysolution.com
coronaincomeloss.com
prevencioncoronavirus.com
coronavirusbroward.com
coronazappers.com
coronagen.com
surivecorona.com
coronavirus-lb.com
just-corona-bro.com
coronaviruscovid19-information.com
coronavirustogether.com
coronadisruption.com
corona-travels.com
whattobuyforcoronavirus.com
coronavets.com
coronakillclock.com
keepawaycoronavirus.com
coronavirus-guru.com
coronadelmarluxury.com
coronavirusfacials.com
wuhan-coronavirus-survivors.com
coronaviruslegale.com
coronavirushiv.com
notgetcoronavirus.com
coronaviruslessons.com
coronapocalypse666.com
coronaclothfacemasks.com
coronavirusmysterys.com
corona-hotspots.com
coronavirustestingmap.com
coronaantiviruss.com
coronatini.com
coronavirusymptoms.com
coronasteps.com
googlecoronavvirus.com
onlinecoronavirustelemedicine.com
coronaviruspersonalinjuries.com
coronasbaloan.com
coronafedassistance.com
coronascale.com
coronavirus-sba.com
corona-compare.com
goolgecoronavirus.com
testathomecoronavirus.com
thecoronavirusspreads.com
coronasmith.com
forcoronavirustestkits.com
coronaviruscruiselawyers.com
coronatexsas.com
coronavirusgossip.com
coronavirusvaccineus.com
certifiedcoronavirustrainer.com
iamthecoronavirus.com
vietnam.zing.photos
coronavirus-hero.com
coronacuretracker.com
coronahealthsupply.com
coronavirusdao.com
coronatrendbycountry.com
corona-survivors.com
coronafior.com
coronavirusdiseasedailyupdates.com
coronaaway.com
coronaclaimhelp.com
countrycorona.com
coronavirusreparations.com
sanitizeragainstcoronavirus.com
coronavirusvids.com
coloradocoronamedicalsupplies.com
instacorona.com
coronavirusyopal.com
coronahits.com
dichviruscorona.com
coronagirusnewsnow.com
norwegiancoronavirusscam.com
corona19labtesting.com
corona-we-help.com
corona5.com
conquer-coronavirus.com
carecoronavirus.com
lavageautomobilecoronavirus.com
pratacorona.com
coronavirus19reports.com
coronavirusbusinessloans.com
coronavirusandyourhomesale.com
hyphycoronavirus.com
coronavirustestingnow.com
coronavirustestflorida.com
coronavirus-homeschool.com
coronaviruspandemicusa.com
coronaviews.com
coronaviruscureuk.com
googlecoronacirus.com
coronavirusnewnews.com
coronavirus-services.com
anticoronavirusdrugs.com
coronaclass2020.com
stopcoronarivus.com
coronavirusfired.com
coronavirusfighterstore.com
coronavirusefacts.com
coronakenya.com
coronaproterctor.com
coronadefensejobs.com
anticoronavirusgh.com
fvck-corona.com
corona-virus-world.com
corona-virus-france.com
iamcoronafree.com
2020coronaoutbreak.com
justcoronavirus.com
wecleanupcoronavirus.com
coronacuts.com
coronacruisers.com
playacoronadorental.com
corona-homeschooling.com
screencorona.com
bestcorona.com
coronawashablefacemasks.com
shutdowncorona.com
flcoronavirussolutions.com
coronavirusnewsnoe.com
hybridcoronastrain.com
coronaviruslawscalifornia.com
coronaviruslies.com
coronavirust-shirts.com
coronaviruswebsitenotice.com
corona-anwaelte.com
coronacleaningcontractor.com
coronavirustestclinic.com
coronabuzz.com
coronablessing.com
corona-crisis.com
coloradocoronavirusservice.com
corona-answers.com
northerncoronagrief.com
coronavirusclosingsnys.com
coronaviruscbus.com
healthforcorona.com
antiviruscoronacovid19.com
coronavirusinfomap.com
commonsenseandcoronavirus.com
coronavirusbusinessrelief.com
coronavirustestinglocations.com
freecoronavirusoffer.com
gestoriaertescoronavirus.com
chroniccorona.com
coronavirusshoppingmall.com
coronacountrymap.com
cbdforcorona.com
viagracorona.com
corona-map-data.com
coronavaccinenews.com
coronaviruspandemicsymptoms.com
forcoronavirustesting.com
coronarealestatehomesforsale.com
coronavirustestdfw.com
initiative-gegen-corona.com
nycoronalawyers.com
coronavirus-what-to-buy.com
coronanumbers.com
coronaontzorgt.com
battagliacoronavirus.com
coronavirusinuk.com
coronabeat.com
coronavirustestdallas.com
coronahp.com
coronavirusremede.com
corona-craft.com
coronanewshub.com
coronavirus-selfisolation.com
coronavirus-hometest.com
inhomecoronatest.com
finlandcoronavirus.com
coronavirusrelieffund.com
coronavirusselfhelp.com
howtodefeatcoronavirus.com
coronavirusupdateus.com
ddscorona.com
coronaviruschinamarket.com
coronavirusrefugee.com
coronavirus-vac.com
coronaemploymentsolution.com
coronaseliypau.com
pisosygrescorona.com
stopcorona.com
coronacaequipment.com
mycoronajournal.com
coronavirusriots.com
covercoronavirus.com
survivorsofcorona.com
ivcorona.com
coronareset.com
coronahomeschool.com
corona-homework.com
coronavirustheend.com
floridacoronavirussolutions.com
thenextcorona.com
coronavirus-products.com
betoncoronavirus.com
homecoronatesting.com
corona-mart.com
coronakampf.com
coronavirusnc.com
coronavirustestusa.com
coronavirusmedicalclinics.com
diagnostic-coronavirus.com
coronahilfmittel.com
fightcoronavirus.com
coronagigs.com
coronavirusmedicene.com
coronabrightside.com
goodaftercorona.com
coronalitevirus.com
1stcoronatest.com
missioncorona.com
metacorona.com
coronahilfspaket.com
safecoronasex.com
coronavirusvacaville.com
coronaofficial.com
thecoronatimes.com
coronavirusstatisticsandinformation.com
coronauni.com
corona-masr2.com
seattlecoronasurvivor.com
coronahomegym.com
mauicoronaupdate.com
coronafobi.com
usacoronavirustesting.com
coronavirusrun.com
coronacleanupcrew.com
getcheckedforcoronavirus.com
coronavirusfrombat.com
coronavirus-oregon.com
diycoronatest.com
coronavirustestingla.com
coronavirus-sanfrancisco.com
mycoronatruth.com
f444.xyz
coronacateringusa.com
coronavupdates.com
byebyecoronavirus.com
lawsuitcoronavirus.com
coronavirushealthguide.com
joyascorona.com
coronavirustestguidelines.com
coronafromhome.com
coronavir20.com
startupsagainstcorona.com
thecoronasessions.com
coronaials.com
googlecoronaviru.com
coronafundme.com
coronavital.com
cocoronavirussupplies.com
coronadeathmadness.com
mapadocoronavirus.com
coronavirus-face-mask.com
desinfection-coronavirus.com
phongdichcorona.com
coronacease.com
corona4president.com
coronacoffeenyc.com
chinawuhancoronavirus.com
coronaimmunesupport.com
corona-weltuntergang.com
antiviruscoronacovid.com
coronavirushomeinternet.com
coronavirusbuyersguide.com
thecoronavirusdiaries.com
coronarightnow.com
coronavirusupdatenews.com
coronavil.com
coronamayhem.com
coronaviruskirkland.com
coronavirusgameplan.com
coronavirii.com
coronaestimate.com
killthecoronavirusclothing.com
coronamalta.com
coronavirus-info-chatbot.com
coronavirusnomore.com
redditdating.us
coronacontrolshop.com
chateaucorona.com
findcoronatest.com
coronafreeevents.com
corona-virus-masque.com
vaccincorona.com
yourcoronavirustest.com
combatcorona.com
turkiyedecorona.com
cocoronacuremedicalsupplies.com
howmanypeoplewilldiefromcoronavirus.com
isurvivedcoronavirustshirts.com
coronacandle.com
coronavirus-southkorea.com
thecoronaattorneys.com
coronapandemicstore.com
coronamontco.com
clobberthecorona.com
coronavirusdiaryfilm.com
coronavirusart.com
elections-and-coronavirus.com
corona-connect.com
studentloancoronavirus.com
coronavirusfaith.com
fedcoronaassistance.com
coronavirusheroes.com
coronavirus-loans.com
corona-heroes.com
coronagenaration.com
coronabolona.com
coronavacances.com
coronatestingnow.com
coronatility.com
corona-cannabis.com
chatbotcoronavirus.com
coronavirus-helpline.com
solucionescoronavirus.com
officialcoronavirus19.com
coronamyths.com
bidencoronavirus.com
coronavirusavvocati.com
coronarunner.com
xn--coronanios-09a.com
coronasicknesstreatment.com
coronasupplychain.com
coronavid19cleaners.com
coronavirusen.com
coronasessionsnola.com
coronavirus-drivethrough.com
coronavirusemploymentresources.com
coronavirus-pharmaceuticals.com
thecoronavirususa.com
khmercorona.com
mycoronacation.com
coronavirussurvivals.com
coronaretirement.com
corona19test.com
nocorona2020.com
coronavirussurvivordiaries.com
mycoronastatus.com
coronabra.com
sportsandcorona.com
corona-man.com
coronaclassattorney.com
coronavirusprotectivewear.com
corona-credit.com
coronacage.com
decoronation.com
corona-emergency.com
coronadetect.com
coronavirus-oubreak.com
mapacorona.com
anticoronaservice.com
coronaton.com
coronavirusfundingbailout.com
coronamakeoverchallenge.com
coronavirus-baby.com
howthecoronabeginning.com
yocogicoronavirus.com
thecoronavirus100.com
sliderscoronas.com
corona-virushoax.com
coronaviruscooking.com
coronakickstarter.com
uscoronafacts.com
coronacopia.com
stiricoronavirus.com
coronashoppingmall.com
chinesecoronavirus2020.com
corona-ai.com
severeacuterespiratorysyndromecoronavirus2.com
coronaviruspatientobservation.com
coronavirusracism.com
gocoronavirustest.com
killcorona19.com
coronatoolkit.com
coronamapa.com
acoronaviruscure.com
coronavirusquestionaire.com
mycoronapatch.com
corona-masque.com
buzzcorona.com
finlandcoronastats.com
nacerentiemposdelcoronavirus.com
problemilegalicoronavirus.com
coronahut.com
coronavirushelptest.com
driveincoronavirustesting.com
elcoronalive.com
ifightcorona.com
coronatestsearch.com
coronacarecard.com
corona-rettungsschirm.com
vaincrelecorona.com
coronatomorrow.com
coronavimmune.com
watchcorona.com
coronavirus-19news.com
classactioncoronavirus.com
notcoronavirusnews.com
corona-virussupport.com
uk-covid-19-relieve.com
coronadont.com
anticoronaproducts.com
childcarecorona.com
demolishcoronavirus.com
samedaycoronavirustesting.com
coronawashhands.com
coronarecipes.com
coronaeliminators.com
coronahelpdirectory.com
kn95forcoronavirus.com
coronavirusjesus.com
coronaviruscleaningmontreal.com
coronachild.com
anticoronavirusghana.com
limpiezas-stopcoronavirus.com
anticoronaherbal.com
coronacleaningdocs.com
corona-face-mask.com
theanticorona.com
coronavirusathometesting.com
coronasmallbizassist.com
coronavirusconsultation.com
coronavirussurvivorsdiaries.com
viruscoronanews.com
coronavirusmedicalkit.com
coronavirustrumps.com
coronaviruswalknewyork.com
corona-meinestadt.com
survivecoronavirusfinancially.com
c19corona.com
corona-rechtsanwalt.com
coronawebdamowa.com
churchandcoronavirus.com
binghamtoncoronavirus.com
coronavirus112.com
coronavirus-hotline.com
cdcquickswabtestcoronavirus.com
hopeinthetimeofcorona.com
coronadetection.com
coronavirusfinancialrelief.com
corona-viruslaw.com
coronababyusa.com
coronavirusbusinessclaims.com
hopewhilecorona.com
corona115.com
findcoronavirustest.com
coronavirusarabic.com
coronavirussticker.com
coronacancer.com
coronaknowledge.com
coronaginger.com
fuckthecorona.com
factsnotfearcoronavirus.com
directcoronavirus.com
classofcorona.com
coronahazmatsuits.com
puertasyventanascoronado.com
mycoronarisk.com
coronareliefchicago.com
coronavirusisolationkit.com
coronarules.com
coronavirussupplyshopping.com
coronanny.com
coronavirusnewsnnow.com
coronavirusactnow.com
coronavirusmaskreview.com
coronaidlive.com
coronavirusautotest.com
nbacoronavirus.com
coronavisrus.com
corona-beratung.com
coronabreak2020.com
coronasbaby.com
coronavirus-com.com
cookingthroughcorona.com
coronavirusdisaster.com
figlidelcorona.com
alphacoronavirusvaccine.com
coronavirusprayergroup.com
coronavirusassistant.com
coronawehelp.com
coronaround.com
thecoronalawyers.com
coronavirus2019vaccine.com
corona-coaching.com
coronahosts.com
coronaidconcert.com
coronavirustestingcenter.com
askaboutcorona.com
coronavirus19disclosure.com
coronapetit.com
coronavirusdivorce.com
austincorona.com
combatingcoronaviruspodcast.com
coronascuba.com
coronavirusresponders.com
coronaaftermath.com
coronashoppingguide.com
coronastem.com
iwouldratherdieofcoronavirusthangotodetroit.com
mycoronas.com
coronavirusdataonline.com
coronavirisnewnow.com
coronaclean4u.com
healthcorona.com
coronaescapes.com
coronavirusnotice.com
coronafighter.com
americapostcorona.com
jahemerahcorona.com
corona-virus-latest-update.com
groundsnack.icu
coronavirus-emergency-kit.com
coronavirussurvivalsystem.com
iwouldratherodthandieofcoronavirus.com
contra-coronavirus.com
coronasafeusa.com
ayudas-coronavirus.com
coronaviruscruiselawyer.com
mobilecoronavirustestingsites.com
coronamance.com
viralcoronapneumonia.com
coronanotifications.com
ibuycoronavirushouses.com
isurvivedthecoronavirustshirt.com
coronauprising.com
coronavirus19update.com
coronavirusresponseact.com
corona-defence.com
samedaycorona.com
coronavirusfastclean.com
cookingforcorona.com
coronamadrid.com
shouldercoronavirus.com
coronaviruscomms.com
newcoronavirustest.com
defenseagainstcorona.com
world-coronavirus.com
coronadrones.com
bestcoronatest.com
coronavirushelpvirtual.com
coronaviralpneumonia.com
coronavirusgohome.com
coronavirusmadeinchina.com
corona-virustv.com
coronaworkout.com
coronavd19.com
coronavirus-franchise.com
coronabirusnewsnow.com
coronalawattorney.com
prevenir-coronavirus.com
coronavirusprhelp.com
coronatruths.com
coronafreewater.com
coronadatabase.com
coronacvs.com
challengewithcorona.com
emerycoronatestkit.com
survivedcoronavirus2020.com
coronabulletproof.com
coronaffair.com
coronavirus-podcast.com
coronaroom.com
coronaviruswatchlist.com
coronavirus2020updates.com
coronaviresnewsnow.com
coronacallout.com
paracorona.com
coronateleworking.com
federalcoronarelief.com
coronapreneur.com
injurycoronavirus.com
coronavirustesterfinders.com
closed4corona.com
coronadecon.com
prayformecoronavirus.com
holdmycorona.com
thecoronachronicles.com
fastcoronatest.com
corona-ratgeber.com
games4coronavirus.com
mapcorona19.com
coronavirus-hospital.com
coronafile.com
claimcoronavirus.com
worldvscorona.com
testmycorona.com
coronavirusfacemaskprotector.com
thecoronavirussurvivorsdiaries.com
availablecoronatest.com
coronavirusdisinfectantsupply.com
coronareportcenter.com
fuckingcorona.com
coronapublication.com
coronaviruslawyerusa.com
photoscoronado.com
coronavirus5minutemdconsult.com
zincorona.com
coronavirus3.com
coronafactbot.com
coronaholistic.com
corona-viruslawsuit.com
coronaradiation.com
coronacruiselawyers.com
canlicorona.com
coronainsider.com
coronavirusorthodontics.com
newcoronababy.com
coronavirusnewspakistan.com
coronaviruspandemicupdate.com
coronawidow.com
coronavirusclothes.com
coronavirusemployment.com
coronaviruscureclinic.com
perfectdating.us
corona-bremen.com
corona-report.com
corona-kriese.com
coronajamaica.com
coronaandcancer.com
coronabucks.com
igotthethecoronablues.com
coronavirusforeclosure.com
coronavirusgovernmentrelief.com
postcoronaamerica.com
coronazikaprevention.com
coronavirustelecare.com
360corona.com
coronaviruscasesintheus.com
corona-19virustestkit.com
coronaviruscuretreatment.com
coronavirusinjuries.com
coronavirusheatmap.com
corona-virus-attorney.com
coronaspreadtest.com
coronavirusbat.com
novelcoronavirus2019.com
fucoronavirusshirt.com
coronacompare.com
corona-spread-test.com
quehacerencuarentenaporcoronavirus.com
novelcoronavirustestingkit.com
coronavirushelpcenters.com
coronavirus-latest-update.com
coronainfoupdate.com
coronatraveladvice.com
gegen-corona.com
goiglecoronavirus.com
insuranceclaimcoronavirus.com
coronacureblog.com
coronattire.com
coronaviruscongress.com
betacoronavirusvaccine.com
shaham-corona.com
coronavirusultimahora.com
askcorona.com
loveinthetimeofthecoronavirus.com
coronacleancouriers.com
ikillcorona.com
clearcorona.com
coronavirus-treatments.com
www.staysafecovid19.xyz
covid19mc.com
zonasegurabeta.viabcp-covid19.xyz
mx2.mx1.mx2.mx1.mx1.mx1.mx1.mx2.mx1.virusherpes.reikihealingmiracle.com
ww25.antiviruspro.info
chasecovid19v.com
www.covid19-medicaments.com
www.soyinmunealcoronavirus.com
www.rogers-covid19.com
www.verizoncovid-19.com
mail.staysafecovid19.xyz
viabcp-covid19.xyz
mail.viabcp-covid19.xyz
covid-19tracker.live
www.covid.noticiaslocais.space
www.covid-19tracker.live
webmail.coronavirusnaturalprotection.com
ww17.vodafone.viruswarning.pro
ubercontraocovid-19.com.br
webdisk.impots-covid19.com
www.covid-19-gov.claims
covid-19-gov.claims
zendesk-covid19.org
netflixcovid19s.com
covidbetaalpas.nl
www.custsupportforyou.coronaviruschina.ml
www.verizoncovid23.com
ww17.googlekz.viruswarning.pro
media.viruscaptive.com
virusspread.info
facebook.corona-virus-news.xyz
netflix-coronavirus.com
www.impots-covid19.com
mx2.mx2.mx1.mx1.mx1.mx2.mx2.mx2.mx1.mx2.mx1.virusherpes.reikihealingmiracle.com
www.covidbetaalpas.nl
chase7-covid.com
staysafecovid19.xyz
www.covid19mc.com
covid-19.bdtime.news
www.id-covid19.com
custsupportforyou.coronaviruschina.ml
www.coronaviruskibris.com
secure-accovid.com
abraham.soyinmunealcoronavirus.com
ww1.vodafonek.viruswarning.pro
verizoncovid-09.com
www.pcvirusinfection.ga
trenv.coronavideo3.tk
cadastropromocaocovid-19.ml
blog.virusreport.ga
verizoncovid23.com
www.netflix-coronavirus.com
chasecovid19s.com
www.facebook.corona-virus-news.xyz
www.thetruthaboutcovid19.org
verizoncovid-18.com
www.covidblackswan.com
smtp.mincovnik.cz
www.verizoncovid-18.com
mx1.mx2.mx2.mx1.mx1.mx1.mx2.mx2.mx2.virusherpes.reikihealingmiracle.com
chase9-covid.com
coronavirusonooeir.luxciosoiop.com
covid.noticiaslocais.space
www.zonasegurabeta.viabcp-covid19.xyz
verizoncovid-11.com
www.virusspread.info
mx1.mx1.mx2.mx1.mx1.mx2.mx1.mx1.mx1.virusherpes.reikihealingmiracle.com
verizoncovid-19.com
id-covid19.com
webmail.impots-covid19.com
airbnb.id-covid19.com
www.viabcp-covid19.xyz
ww2.antivirus-googl.com
www.covid-19.bdtime.news
chase-covid19s.com
www.netflixcovid19s.com
www.verizoncovid-09.com
ww1.googlekz.viruswarning.pro
villedefrancecovid19.online
mx2.mx1.mx1.mx1.mx2.mx1.mx2.mx1.mx2.mx2.mx2.virusherpes.reikihealingmiracle.com
mail.impots-covid19.com
impots-covid19.com
rogers-covid19.com
promocaocovid-19.ml
cpcalendars.impots-covid19.com
www.coronavirusonooeir.luxciosoiop.com
soyinmunealcoronavirus.com
coronavirustraining.com.au
www.virusfreeapp.com
tachanka.com
cmakrkp022.z19.web.core.windows
cmakrkp044.z19.web.core.windows
covid19protector.com
covid19support.life
covid19-checker.com
covidactive.com
goto-9.net
kresidences.eu
ufa-help.ru
eagleeyeapparels.com
mail.eagleeyeapparels.com
phamchilong.com
profaj.co
covidpreventandcure.com
marksgear.com
gvudte8iop7.apoioaocliente.info
a-o-concepts.ch
plantenverhuurrozet.nl
reymondko.iluvcebu.com
corp6.site
googlechromeupdater.twilightparadox.com
tictagency.gov.et
superbcut.tw
edauto.ga
melonco.com
marcoindustry.com
globalmdx.club
exotichydrogen.biz
macyranch.com
broadwaycorporation.com
uniluisgpaez.edu.co
hana-clothing.fr
mame4baby.com
beta3.homecard.vn
myrzome.ir
gya4bwraei1.asth.info
nextfarm.vn
api2.casus.at
www.melonco.com
bigtrading.ga
camasso.it
zyzyzxh.cn
kumarwarti.edu.np
b.kitchencabinetryprofessionals.com
ad1.wensa.at
careers.sorint.it
texasots.com
prasadnursinghome.com
terminate-coronavirus.com
effcovid-19.com
kickcovid19.org
www.coronavirusemergencykits.com
covidendtoday.com
www.covid192020worldtour.com
coronavirusmask.world
www.coronavirusgifts.net
www.coronavirusmaskonline.com
kaletra-cureforcoronavirus.com
www.officialfuckcoronavirus.com
humanityvstheapocalypse.com
www.thevirusaid.com
www.postpandemicgear.com
www.stop-a-virus.com
besafefromcovid.xyz
www.covidcleanx.com
covid-19calistrong.com
wehatecovid19.com
www.shopcoronavirus.org
coronavirussignage.net
www.virushield.io
www.spicyshelves.com
virusnormalcy.com
www.whelanvirusprotection.info
www.effcovid-19.com
coronavirusprank.com
anticovid-19.co.uk
www.antivirusfiltermask.com
www.kickcovid19.org
trendytshirts4you.com
www.supportcoronavirus.com
www.covidmasks.org
www.coronavirusshop.co
coronavirusgummy.com
www.preventavirus.com
classofcovid.com
antivirusmasc.com
www.virusxterminator.com
www.coronavirusstickers.com
covid-19essentials.com
isurvivedcoronovirus.co.uk
www.santivirus.online
letsfightcovid19.com
beatthevirus2020.com
supportcoronavirus.com
www.blockthevirusnow.com
isurvivedcoronovirus.online
cardsforcovid.com
www.coronavirus-merch.com
coronavirusprevention.online
coronavirusszn.com
coronavirusmasksuk.com
rodpalmas.com
pandemic2020store.com
www.antivirus-hrvatska.com
vriuspreventionsupply.com
www.usavscovid.com
coronavirusshop.co
covid19szn.com
pandemicandprepperkits.com
www.coronavirusprank.com
covid19decals.com
virusxterminator.com
protecovid.com
coronavirusclothing.net
www.thecoronaverse.com
www.virussurvivor.org
www.officalantivirusx.com
killthecoronavirusclothing.com
www.fightingcovid.com
romaniaanticoronavirus.com
www.covid5thyear.com
www.covid-19urgentcare.com
combatthevirus.com
www.virusandvaccine.com
www.covid19calendar.com
thriftyhippieproducts.com
themasksupplier.com
www.covid19-merch.com
isurvivedcoronovirus.com
www.covid19clothing.com
www.corronavirusmask.com
santivirus.online
www.covidvirustestkits.com
www.isurvivedcoronovirus.org
isurvivedcoronavirus.org
covidmedicals.com
www.coronavirusprotection.io
bidetthevirusaway.com
covidppesupplies.com
www.coronavirusconquerer.com
covid19-medic.com
www.coronavirusszn.com
www.fuckcoronavirus.ninja
www.pandemicpowerpack.com
covidcleanser.com
hemmings.covid19live.life
online.kaletra-cureforcoronavirus.com
virusguard.co
www.coronavirussignage.net
google-en.greatproductdeals.site
yousurvivedthecoronavirus.com
xcovid9teen.com
www.beatthevirus2020.com
www.killthecoronavirusclothing.com
theorganicapproach.com
www.coronavirustest.ru
virussurvivor.org
antivirusboxx.com
www.coronavirusprotectivewear.com
covid19clothing.com
cwjewellery.co.uk
www.viruspreventionsupply.com
anti-viral-mask.com
covid5thyear.com
normalityforcovid-19.com
www.covidppesupplies.com
vancouvervscovid.ca
postpandemicgear.com
www.covid-doctor.org
www.coronavirushealthny.com
www.virusguard.co
forcovid.com
anticovid19supply.com
antivirus-hrvatska.com
www.covid19gifts.com
antivirusfiltermask.com
www.prize.goovirus.website
fisher.thevirusproofprotocol.com
virusgoods.com
virushield.io
www.viruseliminator.ca
www.coronavirusbuttons.com
www.virusgear.net
www.covid19virusupplies.com
versusvirus.com
usavscovid.com
www.thecovidfree.com
www.yousurvivedthecoronavirus.com
coronavirusconquerer.com
www.coronavirussafetyprotection.com
covid19virusupplies.com
www.covid-19.style
thevirusaid.com
www.anticovid19supply.com
www.covid19battle.se
www.covid-19calistrong.com
covid-19firstaid.com
coronavirusbuttons.com
covid-stayhome.com
covid19awarenesstshirts.org
covid-doctor.org
www.combatingcovid.com
stayawaycovid.com
www.excelvirusprotection.info
www.whealnstaffsvirusprotection.info
viruscares.com
www.stayawaycovid.com
www.coronavirusclothing.net
chloroquine-cureforcoronavirus.com
coronavirusstore.co.uk
www.googlecomcovid19.com
coronavirusrations.co.uk
www.coronavirusstore.co.uk
dietacoronavirus.com
www.isurvivedcoronovirus.co.uk
www.coronavirus-normality.com
www.bellelicious.com
www.antivirusmasc.com
covidbrand.com
covidvirustestkits.com
www.vancouvervscovid.ca
isurvivedcoronovirus.org
coronavirith.com
www.covidculture.com
coronavirusgifts.net
covid19signage.com
www.protecovid.com
www.versusvirus.com
www.isurvivedcoronovirus.com
www.covid19.me.uk
www.virussafety.co.uk
shopcovidclothing.com
masknovirus.com
fusioncovid19.com
virus-map.ru
www.fuckcoronavirus4real.com
coronavirusstickers.com
www.coronavirusprevention.online
www.kleanvirus.com
cvirustips.com
staysafecovid19.xyz
battlethevirus.com
davies.thevirusproofprotocol.com
mail.covidpharmacy.com
winnipegvscovid.ca
www.virusgoods.com
www.myantivirusmask.com
coronavirus2020.net
www.coronaviruspandemicessentials.com
www.maskcovid-19.ru
deluxemasks.com
coronavirusmaskonline.com
honestdetailing.us
coronavirusfaces.com
controcoronavirus.it
www.covid19decals.com
www.letsfightcovid19.com
facethevirus.com
thecovidfree.com
stop-a-virus.com
www.fuckpandemic.com
covid.2protect.us
combatingcovid.com
coronavirussafetyprotection.com
www.covidszn.com
covidmasks.org
www.covid19szn.com
www.controcoronavirus.it
stopcovidtoday.com
www.virusonfire.com
www.isurvivedcoronovirus.online
chloroquine-treatmentforcoronavirus.com
fuckcoronavirus4real.com
kleanvirus.com
coronavirus-normality.com
coronavirus.co.kr
www.antivirusboxx.com
online.kaletra-treatmentforcoronavirus.com
mail.staysafecovid19.xyz
shopcoronavirus.org
covidszn.com
covidhumor.org
covid19.me.uk
stopvirusshop.com
coronapandemicguide.com
coronavirusprotectivewear.com
www.covidhumor.org
www.virusproofprotocol.org
www.covidcleanser.com
www.fthecoronavirus.com
gel-antibacteriano-coronavirus.com
coronavirustest.ru
www.terminate-coronavirus.com
fuckpandemic.com
officialfuckcoronavirus.com
www.forcovid.com
www.bensbugsvirusprotection.info
www.covid-19essentials.com
covid-19.style
www.pandemicmerch.com
suppliesforcovid.com
germgetter.com
covid19-merch.com
officalantivirusx.com
fvckthevirus.de
www.covid19awarenesstshirts.org
www.earth-masks.com
www.covid-stayhome.com
coronavirusgermmask.com
jackson.thevirusproofprotocol.com
coronavirus-arg.tk
www.belialshop.com
microlintremover.com
virusgear.net
www.coronavirusmask.world
covid19preventioncenter.com
covid192020worldtour.com
covidculture.com
coronaviruspandemicessentials.com
hbilabsvirusshield365.com
viruseliminator.ca
pandemicpowerpack.com
myantivirusmask.com
coronavirusemergencykits.com
getacoronavirusmask.com
forsyth.thevirusproofprotocol.com
www.covid19equation.com
www.covidbrand.com
www.suppliesforcovid.com
www.isurvivedcoronavirus.org
trustandreview.com
www.viruscares.com
howtosurviveapandemic.com
pandemicmerch.com
www.pandemic2020store.com
prize.goovirus.website
www.coronavirus-wear.com
covidcleanx.com
virusonfire.com
fthecoronavirus.com
covid19equation.com
covid19selftest.org
www.covid19preventioncenter.com
www.coronapandemicguide.com
fightingcovid.com
www.coronavirusgummy.com
buks.com.mx
blockthevirusnow.com
fuckcoronavirus.ninja
coronavirusprotection.io
www.covid19signage.com
corona2020gear.com
fuckcovi19.com
2020pandemic.online
online.chloroquine-treatmentforcoronavirus.com
www.covidendtoday.com
googlecomcovid19.com
www.staysafecovid19.xyz
coronavirusantibacterialgel.com
coronavirus-merch.com
www.covid-19vaccines.ru
preventavirus.com
covid19supersupplies.com
online.chloroquine-cureforcoronavirus.com
covid19gifts.com
coronavirus-wear.com
clean-castle.com
www.howtosurviveapandemic.com
www.covidpharmacy.com
coronavirushealthny.com
www.xcovid9teen.com
www.pandemicandprepperkits.com
covid19battle.se
thecoronaverse.com
weareonecf.com
whintdm.us
acter.org.co
medanpulsa.com
bluemediappc.ru
appie3.info
granddrycleaners.co.uk
covidfcrlaw.com.br
www.enns.ee
jotform-dr.magicicescraper.com
coronadatabase.com
anticoronaproducts.com
acccorona.com
corona-armored.com
ypsmko.com
beatingcoronavirus.com
byebyecoronavirus.com
corona-emergency.com
eagleeyeapparels.com
corona-iran.com
betacoronavirusvaccine.com
combatcorona.com
alphacoronavirusvaccine.com
beatingcorona.com
bestcorona.com
buycoronavirusfacemasks.com
cdc-coronavirus.com
contra-coronavirus.com
corona-crisis.com
corona-explained.com
corona-ratgeber.com
coronadeathpool.com
coronadetect.com
coronadetection.com
pahorange.xyz
pahospread.xyz
pahoabode.xyz
pahoscape.xyz
pahomodule.xyz
pahobay.xyz
pahotopia.xyz
pahoreach.xyz
workplace.covidprescreen.com
sharepo.smart3dxpo.com
url3731.whearl.com
whearl.com
jotform-dr.jotform.tchmath.com
covid19donate.net
amazingcharm.ro
erosikoch.com
laciewinking.com
slot0.hamnc.com
mistermiragerecordings.com
getegroup.com
covid-19-uk-relieve.com
covid-19.bdtime.news
cbsa-asfc-covid-19-info.ca
uk-covid-19-relieve.com
covid-19-gouv-canada-receive-money.online
bookdocument.ir
robotrade.com.vn
cashasap13.info
a4ecn.info
strongman3.xyz
smartphone10.xyz
smartphone1.xyz
smartphone5.xyz
smartphone8.xyz
strongman2.xyz
smartphone7.xyz
smartphone6.xyz
smartphone4.xyz
strongman1.xyz
smartphone3.xyz
smartphone9.xyz
ketotip2.xyz
ketotip1.xyz
ketotip3.xyz
healthcbd9.xyz
healthcbd15.xyz
healthcbd10.xyz
healthcbd6.xyz
healthcbd11.xyz
healthcbd12.xyz
healthcbd14.xyz
healthcbd7.xyz
healthcbd13.xyz
pinbalt.ru
covid19weed.net
covid19officecleaning.net
googlwcoronavirus.com
2020covid19.best
covid19surpport.org
coronavirusillinois.lawyer
covid-19cleaning.net
covid19.gifts
coronavirusportugal.org
coronavirusworldmap.org
coronaviruskit.club
coronavirusfacts.club
antivirus-covid19.site
informationcoronavirus.org
coronavirus-diabetes-registry.org
coronavirusguatemala.org
coronavirus-business.support
ggooglecoronavirus.com
buffalocoronavirus.com
humancoronavirus.net
covid19vodka.net
coronavirusbet.club
covid19.credit
sars-coronavirus.org
coronavirusv19.net
wwwgooglecoronavirus.com
covid19-vaccine.net
coronavirusecuador.org
medecins-libheros-coronavirus.com
chloroquine-cureforcoronavirus.com
sbacovid19loanhelp.com
viabcp-covid19.xyz
stopcovid19virus.com
coronavirusofficecleaning.net
coronavirusbrazil.org
covid19iv.com
togetheragainstcoronavirus.com
coronaviruscura.online
covid19-cleaning.net
comoprevenircoronavirus.com
coronavirus-n95-mask.website
californiacovid-19.lawyer
thecoronavirusupdate.net
newyorkcoronavirus.lawyer
curecoronavirus.life
coronavirus.degree
howtosurvivecovid19.club
trackcovid19.live
coronavirus-covid19.world
coronavirusparaguay.org
covid-19mutualaid.org
coronavirus19.xyz
coronaviruss.casa
whattobuyforcoronavirus.com
coronavirusjapan.org
coronavid19.net
coronavirus-update.today
chinacovid-19.site
survivethecoronavirus.net
coronavirusworld.club
covid19sba.loans
2020coronavirus.world
bestmaskscoronavirus.com
covid19.black
coronavirusuturkiye.xyz
whereiscoronavirus.today
spokanecoronavirus.net
covid19state.live
covid-19.recipes
covid19esp.online
whatcoronavirusdid.today
coronavirustips.bid
covid19.parts
maskstopscoronavirus.com
coronavirusinpakistan.today
ctuwcovid19responsefund.org
covid19michigan.lawyer
gilloup.com
smtp.redlgroup.com
www.mygov-message.online
chase-covid19s.com
summergirlfilms.com
fmcg-patterns.com
bell-covid19.com
covid-19.xxx-wa.com
rogers-covid19.com
www.airbnb.id-covid19.com
permovqu.com
chasecovid19v.com
latest-updates-covid19.hewesdesign.com
juxs5jcu.countrywideaustralicovid19.com
c0vidatbsoul.com
masry-corona51.com
abnsecurecovid-19.web5293.cweb04.gamingweb.de
www.vmconnect.us
url4510.cdchealth.org
coronamillionaire.live
covid19test-shop.com
slot0.projectinquiry.pw
www.playbig-fr.com
starilionpla.website
smtp.wtsele.net
instaboom-hello.site
antivirus-covid19.site
raboninco.com
covid19donatetosavelives.cgssite.com
stop-corona.xyz
chasecovid19s.com
chase-covid19s.com
mail.gov-ca-covid19.org
hmrc.approvedrefund-covid-19.com
www.gov-ca-covid19.org
diytalentexpo.com
www.covid-19ismade.com
hmrc-refund-covid-19.com
locallistin.ru
kusumpokunasripushparamaya.org
pyungz.org
bibpap.com
posqit.net
2alarmu.org
covid19test.site
adeli-center.com
adsincomes.com
alsayeghb.com
inps-informa.online
www.ktalents.com.my
skull247.xyz
drhuzaifa.com
dewakartu.info
dewarejeki.info
erasmus-plius.tomasjs.com
easytogets.com
cdchealth.org
gov-update.com
impots.gouv.service-public.top
gouvref456216verifauthentification.com
hmrc-govupdate-covid-19.com
coronavirus-who.com
bosswords.co
glthubb.info
git-secure-service.in
ngay22.com
slot0.farolexshippings.com
brokenme.xyz
www.nacemo.com
msheldmsg.live
www.diaperbankbr.com
www.new-sappslockmailsec7.info
www.nyoxibwer.com
bibpap.com
www.paradez.com
www.guideonwebs.com
www.cellfreezingcontainer.com
automation-crazy.com
www.ensemblejuvavum.com
www.vasengineracing.com
www.bicemilano.it
cuzo.pl
www.whynotcosmetics.com
www.lifetofly.com
www.amdckn-preview.com
cintasyetiquetas.com
www.lacasitadelaspalmas.com
www.practicalspanishonline.com
noblepublicschoolkgn.in
www.kikadavila.com
www.crokve.com
snipemail.ru
posqit.net
parisgranhotels.ga
www.comebyheremylord.com
www.starcitythryv.com
www.ecsoeu.faith
www.iasgroup.ru
c2cmarketing.co.in
glthubs.net
trainmeteor.cf
erinmaier.com
misharialafasy.net
suaritmaservisi.co
t.unplugrevolution.com
sub2.beatamankowska.pl
stickit.ae
worldplaces.in
shalommissionarychurchsa.co.za
do-nomega.com
purechica.com.au
addledsteamb.xyz
ftp.centredebeautenellycettier.fr
office-updates-index.com
office-updates-indexes.com
micro-share-point.cf
count.mail.163.com.n.gamingakhada.com
po.gamingakhada.com
www.ureal.edu.bo
covid.insurancebusinesstago.info
edwardbondcareers.co.uk
pestofood.com
xxococococ.xyz
17711309.zip
quecik.info
assets.sitehuzzle.com
3620110.zip
thammyroyal.com
modcloudserver.eu
horakrokom.com
academiaomena.com
fentlix.com
5150.zip
highfashionjewelry.co.uk
02759.zip
f1.pipen.at
io.laurela.at
ya.aftnoop.at
www.lifecode123.com
www.kk2400.com
www.vavr.info
www.wilson.photo
micro-share-point.cf
www.vodafone5g.info
hmrc.gov-claims.com
quecik.info
glt-hub.com
2019-ncov-coronavirus.online
about-coronavirus.info
active-base.online
adoptaoclasa.ro
airambulance-covid19.info
alertcoronavirus.com
annaudvar.hu
anti-coronavirus.cf
anti-coronavirus.online
anti-coronavirus.tech
anti-coronavirus.xyz
attestation-covid19.com
attestation-covid19.info
attestation-covid19.tech
autocertificazione-covid19.site
bedoron.com
bgxhighway.com
bioreco-protection-coronavirus.com
book-of-coronavirus.cf
book-of-coronavirus.ga
book-of-coronavirus.gq
book-of-coronavirus.ml
book-of-coronavirus.tk
books-of-coronavirus.cf
books-of-coronavirus.ga
books-of-coronavirus.gq
books-of-coronavirus.ml
books-of-coronavirus.tk
bunchersoflove.com
burndowntheinternet.com
canada-alert-covid19.com
china-coronavirus.info
christianzuanetto.com
collegeprofile.io
coronavirus-com.com
coronavirus-covid19.site
coronavirus-help.com
coronavirus-online.com
coronavirus-portal.com
coronavirus-protection.com
coronavirus-safe.com
coronavirus-security.com
coronavirus-update.com
coronavirus.business
coronavirus.click
coronavirus.download
coronavirus.info
coronavirus.loan
coronavirus.ooo
coronavirus.racing
coronavirus.science
coronavirus.site
coronavirus.tokyo
coronavirus.top
coronavirus.win
coronavirus.xyz
coronavirusactivity.com
coronavirusalert.com
coronavirushelper.com
coronaviruslive.com
covid-2019-coronavirus.online
covid19-info-gc.com
covid19-live.com
covid19-online.com
covid19.download
covid19.ga
covid19.gq
covid19.men
covid19.online
covid19.ooo
covid19.party
covid19.pw
covid19.racing
covid19.site
covid19.stream
covid19.tk
covid19.tokyo
covid19.top
covid19.win
covid19live.com
covid19safe.com
covid19th.com
covid19warning.com
cynohub.com
dao.care
dharmaresearchlab.com
digimep.com
dk-design.at
ebook-of-coronavirus.cf
ebook-of-coronavirus.ga
ebook-of-coronavirus.gq
ebook-of-coronavirus.ml
ebook-of-coronavirus.tk
ebooks-of-coronavirus.ga
ebooks-of-coronavirus.gq
ebooks-of-coronavirus.ml
emiratesvisa.com
estudiofacil.com
france-coronavirus.cf
france-coronavirus.ga
france-coronavirus.gq
france-coronavirus.ml
france-coronavirus.tk
geolocation.fr
giorgoskaradimos.com
graphql-server.com
helpcoronavirus.com
hoony9x.com
huntthenight.com
india-map-coronavirus.ga
info-covid19.cf
koushalyaacademy.com
lilibodycare.com
live-coronavirus.com
magneandnatalia.com
mascarillas-coronavirus.info
mask-coronavirus.site
mask-coronavirus.xyz
masque-coronavirus.info
masque-coronavirus.online
masque-coronavirus.site
masques-coronavirus.info
masques-coronavirus.online
masques-coronavirus.site
miroir-covid19.cf
mk-covid19.info
monitor-covid19.online
novel-coronavirus.info
odctlv-covid19.tk
onlinecoronavirus.com
ourlifeasitcomes.com
paint-covid19.club
pandawa5p.com
pandemia-covid19.online
pandemic-covid19.online
pasajeportales.com
paypaluk-coronavirussupport.com
perfect.digital
petergangmei.com
pro-coronavirus.info
protection-coronavirus.info
qtwoz.com
recoverycoronavirus.com
recoverycovid19.com
safe-covid19.com
shillburger.com
start4go.nl
stop-coronavirus.online
suivi-covid19.info
supportcoronavirus.com
survive-coronavirus.top
taxman.pk
the-sms.com
tonyo.design
updatecoronavirus.com
updatecovid19.com
us-coronavirus.info
virasoftware.com
wisho.io
write.wtf
ya-coronavirus.online
zen-insider.com
9304.zip
pickuptruckrentdubai.com
bootglobal.com
artorea.com
26944284.zip
bathinnovation.com
retroband.uk
go.aws
giaydabong.net
dvla.govuk-ref99l9.com
dvla.co.uk.pending-refund-apr08.info
mail.greentextile.co.id
masikini.com
yoichinagano.com
bbtt.site
bbtt.space
harpa.site
harpa.space
harpa.website
himym.site
miragena.site
miragena.xyz
violina.website
cashnow.ee
i-sharecloud.com
corona-masr21.com
netflixcovid19s.com
chasecovid19v.com
chasecovid19t.com
chasecovid19s.com
corona-masr2.com
chase7-covid.com
masry-corona51.com
corona-virusapps.com
covid-19-gov.claims
corona-virus-map.net
corona-map-data.com
coronavirus-apps.com
childcarecorona.com
impots-covid19.com
corona-apps.com
coronaviruscovid19-information.com
youraccountisfarfromcovid-19.net
vamosacabcomocorona.com
suckitcovid19.com
studyduringcovid-19.com
protection-contre-le-coronavirus.com
ourcovid19test.com
lssuedcovid19.com
karta-coronavirusa.online
irshelpcovid19.com
ikillcovid19.com
help-covid19.ru
covidsolution.org
covid939.com
covid19ware.com
covid19trust-uk.com
covid19maskssale.com
covid19lssuedbill.com
covid19careuk.com
covid19-products.com
covid19-insurance.agency
covid19-credits.com
covid19-apps.com
covid-rnercadolibre.com
covid-19familycare.com
covid-19-saglikbakanligi.com
coronavirustrouble.com
coronavirustrade.xyz
coronavirusmask.ltd
coronavirusbuyersguide.com
coronavirus-v-mire.ru
coronavirus-meds.com
coronavirus-appstore.com
coronasayaci.xyz
bankofamericacovid-19.com
auxilioemergencialcovid.com
auxiliocorona.site
anti-covid19.center
8mysecure-facebookcovid19petition.ga
7securemy-facebookcovid19petition.gq
7mysecure-facebookcovid19petition.ga
5securemy-facebookcovid19petition.gq
5accountsecure-facebookcovid19petition.ga
4securemobile-facebookcovid19petition.gq
4mysecure-facebookcovid19petition.ga
4accountsecure-facebookcovid19petition.ga
3securemobile-facebookcovid19petition.tk
3securemobile-facebookcovid19petition.gq
3accountsecure-facebookcovid19petition.ga
2mysecure-facebookcovid19petition.ga
1securemy-facebookcovid19petition.gq
1secureaccount-facebookcovid19petition.ga
stop-covid-maska.ru
coronavirusncp.ru
online-coronavirus.ru
russia-coronavirus.ru
coronavirusnames.com
coronavirusofficialnews.com
descovid-19.com
verizonwireless-covid-19.us
coronavirus-obzor.ru
kitcovid19.ru
dealingwithcovid.com
coronavirus-puls.ru
gogolecovid19.com
covidfighterapp.com
covid19-basvuru-iade.com
ita-covid19.com
office-cloud-reserve.com
office-cleaner-indexes.com
www.houtdraaierijtermarsch.nl
sajayagroup.com
8n8yx2ys.appmetrx.com
shearwaterasia.com
ationsopors.com
office-cloud-reserve.com
clarityupstate.com
www.shearwaterasia.com
hosteller.in
allagainstcoronavirus.com
careeraftercovid.com
cerignolacoronavirus.it
coronavirus-argentina.com
coronavirus-vaccine.online
coronaviruscleanuposandysprings.com
coronavirusdivorce911.com
coronavirusguardshields.com
coronavirusonline.one
coronavirusperu.online
covid-19-mexico.info
covid-19cures.info
covid-19safetysigns.com.au
covid-19sanitizantes.com
covid19app.xyz
covid19datas.com
covid19hardtruth.com
covid19hustleformuscle.com
covid19manager.com
covid19mask.life
covid19masksale.com
covid19masksforsale.com
covid19maskssale.com
covid19mtl.ca
covid19newsupdates.online
covid19newupdates.com
covid19switchboard.org
covid19virus.dev
covid19virus.page
covid2019-inform.ru
covida.store
covidcaremask.com
covidcorner.club
covidfacemaskforsale.com
covidfacemasksale.com
covidmasksnsupplies.com
covidprotectionusa.com
covidrules.com
covidstudyregistry.com
covidswag.com
covidvirusplanner.com
doncoronavirus.org
enduringcovid.com
facemaskscovid19.com
fettercovid19screening.org
fightcovidvirus.com
freecovidmask.com
fundcovid19vaccine.com
humanityvscovid.org
infocovid19.xyz
insiemecontrocoronavirus.it
instantcovid19news.com
koronavirus-info.com
koronavirus-turkiye.com
labtestcovid19.com
marylandchildsupportcovid19.com
metatoncovid.com
mncovidmasksewists.net
myanmarcovid.com
n95forcovid.com
n95maskcovid19.com
n95maskforcovid19.com
ncovid-19.live
news-covid-19.ru
nomocovidboutique.com
nzcovid19.info
onecovid19data.com
procoronavirus-covid19.ru
singaporecovid19.com
stopcoronavirusplan.org
stopcovid19-maski.ru
stopcovid19.world
stopcovid19mx.com
tapabocascoronavirus.co
testcoronavirus.site
thecoronaviruscharity.org
thecoronavirushomepage.com
unitedstatescoronavirusmask.com
unitycovid19.com
virusmascherinecovid19.com
zahist-covid-19.com.ua
bestcoronavirusmasksale.com
brasilcontracovid19.com.br
businessaftercoronavirus.com
challengecovid.net
coronavirus-spread-statistics.com
coronaviruscalmness.com
coronaviruscarerelief.com
coronavirusdeaths.info
coronaviruslatestnews.info
coronaviruspandemicmarketing.com
coronavirustrade.xyz
coronavirusupdate.de
coronavirusupdatemap.info
coronavirusy.online
coronavirusyucatan.com
covid-19travel.co.nz
covid-meals.org
covid-nineteen.info
covid-updates.org
covid19bankruptcy.ca
covid19extremadura.es
covid19frontline.org
covid19heute.de
covid19hg.org
covid19indiacases.com
covid19livedata.org
covid19relief.nyc
covid19safetysignage.com
covid19savar.com
covid19srilanka.online
covid19tr.net
covid19transmission.info
covid19travel.co.nz
covid19travel.site
covid19ve.info
covidangel.org
covidbot.online
covidcertificates.com
covidfreeindia.in
covidglobalstats.com
covidglobestats.com
covidradius.info
covidsupport.me
covidsupportlocal.com
covidtestpdx.com
covidvstheworld.online
dancovid.info
desinfeccionylimpiezacoronavirus.com
entraideentreprises-covid19.fr
eucoronaviruscancermonitoring.com
flcovid19.org
fuckyoucoronavirus.club
helpwithcovid19.ca
infraredthermometercoronavirus.com
koronavirus-novosti24.ru
letsavoidcoronavirus.com
letsavoidthecovid19.com
letsfightcovid-19.org
mapacoronavirus.live
masscovidtracker.com
megacoronavirus.ru
neptune-covid19.com
netflix-covid19.com
newyork-20covid-19.com
ngtest-covid19-info.com
nomorecovid-19.com
noticiascoronavirus.online
novalcoronavirus.online
portugalcovid19.pt
ppg-covid19-fraud.com
projecttostopcovid19.com
protections-coronavirus.fr
quarantinego.online
reportcovidkashmir.online
rpacovid19anaes.com
shields-visieresolidaire-covid19.fr
solidarit-covid-nogent.fr
surveycovid-19.com
the-covid-hunters.com
theanticoronavirusshop.com
uvpower-covid19.com
victimsofcoronavirus.com
wincovid-19.com
withoutcoronavirus.com
wwwcovid19elsalvador.com
zamcovid19.com
aicovidvietnam.info
asociacionafectadoscovid19.es
beatcovid19.ie
canyxcovid19.org
coronavirus-guidance.com
coronavirus-innovation.com
coronavirus-who.com
coronavirus.contractors
coronavirusagora.com.br
coronaviruscare.co
coronaviruscleaningservice.org
coronaviruscovid19disease.com
coronaviruscymru.wales
coronavirusdrug.de
coronavirusebook.cf
coronavirustabela.com
coronavirustracker.website
coronavirusworldwide.live
covid-19-check.online
covid-19anonymous.com
covid-19safe.com.au
covid-elsalvador.com
covid-self-report.in
covid-survey.co.uk
covid1-elsalvador.com
covid18world.org
covid19-elalvador.com
covid19-elsalavdor.com
covid19-elsalbador.com
covid19-elsalvado.com
covid19-elsalvadoe.com
covid19-elsalvasor.com
covid19-elsalvdor.com
covid19-elsavador.com
covid19-elslavador.com
covid19-esalvador.com
covid19-flulogger.com
covid19-jp.info
covid19-lsalvador.com
covid19-salvador.com
covid19-scan.com
covid19arg.com
covid19cases.today
covid19center.online
covid19elsavador.com
covid19gear.co.uk
covid19homefitness.com
covid19in.online
covid19indiatracker.com
covid19kn95mask.com
covid19ma.org
covid19mali.com
covid19nz.online
covid19protect.ca
covid19sanitarysupplies.com
covid19supplyonline.com
covid19testkit4u.com
covid19tracker.site
covid19world.xyz
covid29-elsalvador.com
covidandibuprofenrhsnopes.com
covidelsalvador.com
covidexperts.org
covidhairdontcare.com
covidmoney.info
covidpreventpac.com
covidpromises.com
covidquestions.org
covidscreening.online
curbcoronavirus.org
desinfekce-covid19.cz
djsforcovid19.com
doncoronavirus.com
duringcovid19.com
elpasocovid19tracker.com
eycovidalerts.com
faitesvosmasques-covid19.com
freecovidservices.com
ghanacovid19fund.com
influenzacoronavirus-covid19.it
livecovid19map.com
llandeilocovid19.com
llanrhystudcovidaid.com
mask-anti-covid19.com
mexicocontraelcovid.com
micovidresponse.com
n95coronavirusmaskforsale.com
newsprocoronavirus.ru
notagcovid19.com
proforma-covid19.com
psicologiaycoronavirus.com
spreadcovid-19.com
stop-covid19-ci.com
testcoronavirus.com.mx
thermometer-coronavirus.com
trackingcovid19.ca
ubersupport-covid19.com
vaquinhaonlinecoronavirus.com
vaquinhaonlinecoronavirus.com.br
viruscovidprogramas.com
wearestrongerthancovid-19.com
wholesalecoronaviruskits.com
office-cloud-reserve.com
demo.caglificioclerici.com
rudraagrointernational.com
www.mycharmingprints.com
www.xn--15qa2760advh.com
creativepreneurclub.com
automatischer-staubsauger.com
piflogistics.in
www.usvestors.com
anamikaindanegas.in
www.cervox.com
www.yousefibdah.com
16207658.zip
test.wax.duzzling.com.tw
57736.zip
free01.thegood.cloud
millyus.ml
48890131.zip
remycare.com
ip-socialmedia.com
masieepe.dnsdyn.net
nsi.ae
aristopets.xyz
burenmoss.buzz
lk3p.com
cryptomoneyinsider.site
www.mohcc.gov.zw
jastex.info
avertonbullk.com
psqdover.com
https.webtalks.co.br
daricci.de
mediaboat.in
batdongsanbentre.com.vn
capath.vn
kip.srv2.imediadev.ch
iamjc.uk
britica.vn
betopceo.com
cerisiers.be
tvsmash.com
ttref043020.zip
schoolsource.live
smtp.rankywise.com
office-services-labs.com
beatcovidng.com
coronavirus.co.id
coronaviruscleaning.london
covid-19-camostat-trial.com
covid19update.tech
covidcharts.tech
dentalhelpduringcovid19.com
mamparasdealuminiocoronavirus.com
newsonecoronavirus.com
suitcovid19.com
survivedcoronavirus.org
email-update-sever.cf
9viara.xvdweyq.xyz
alov.az
www.tcebaby.online
screw-malwrhunterteams.com
drdawngais.com
hindisahitya.org.in
humbertocarpio.com
umeatours.se
evergreenpainters.in
www.murphyspunch.com
wa61.xvdweyq.buzz
nats-shop.com
www.ip-socialmedia.com
yeenigigin.cf
com-sessions.site
travel-airbnb.site
safe-solution.site
scribdinc.site
customers-activity.site
recovery-option.site
verify-identity-service.best
identifier-services-session.site
mobiles.customers-activity.site
mobiles.customer-reminder.info
app-view-support.club
yeenigigin.cf
harpa.space
bbtt.site
harpa.site
miragena.site
bbtt.space
miragena.xyz
violina.website
harpa.website
himym.site
static.doublesclick.info
api.doubles.click
cdn.doublesclick.me
status.search-sslkey-flush.com
start.apiforssl.com
status.verifyingbycf.com
vitlescaux.com
libjss.inquirerjs.com
jcdn.jsoid.com
m.topiccore.com
libjs.inquirerjs.com
corona-masr21.com
coronavirusinrealtime.com
facemasksus.com
corona-virusapps.com
covidpreventandcure.com
coronavirus-com.info
corona-map-data.com
coronaviruscovid19-information.com
coronavirus-latest-update.info
covide19cleanse.com
corona-masr3.com
coronavirus123.org
surgicalfacemaskpharmacyonline.com
internet-covid19.xyz
corona-virusus.com
pandemic-survival-coronavirus.com
covid-19-gov.com
coronavirussecrets.com
rxcovid.com
covid19-remedy.com
coronavirus-game.ru
anticovid19-pharmacy.com
allsurgicalfacemask.com
coronavirus2day.com
sharkroulette.com
covidwhereandhow.xyz
selectsanitizer.com
coronashirts.store
corona-masr4.com
coronamasksupply.com
covid19center.online
whatsapp.version.gratis
www.sunrisepromos.com
whatsapp.cc0.co
cdn.dsultra.com
corona-masr81.com
corona-masr41.com
corona-masr2.com
corona-masr71.com
corona-masr91.com
corona-masr7.com
corona-masr1.com
corona-masr6.com
corona-masr10.com
corona-masr61.com
corona-masr11.com
corona-masr101.com
coronavirus-meds.com
corona-masr.com
corona-masr5.com
corona-masr9.com
corona-masr51.com
corona-masr8.com
corona-masr31.com
pandemicsurvival.website
coronavirusspecialreport.com
pandemic-safety.com
pandemic-secrets.com
guiacoronavirus.com
corona-virus-latest-update.com
coronavirus-live-update.com
coronavirus-com.com
coronavid19.info
covid-19-virus.info
corona-virus-19.com
coronavirus-update.info
coronavirus-latest-update.com
pandemicpastoring.com
covid19recovery.info
covid-19-action.com
ilivedthroughthecoronavirus.com
coronavirusoc.org
pandemiccamping.org
ilivedthroughcovid-19.com
covidecleanse.com
covidehealth.com
pandemicfilmchallenge.com
floraofwuhan.com
freevirusmask.com
pandemiccampout.net
covid19certifiedcleaner.com
coronavirussuppliers.com
thecoronadiaries.net
safe-covid.com
coronaviruswuhan.net
pandemicparty.net
coronavirusbankruptcyresources.net
thecovidkids.net
coronavirusoregon.com
covidfundsfilinghelper.com
covidvirusinfo.com
coronavirusareas.com
coronafundme.com
covid19uk.info
diabetes-coronavirus-registry.com
covid19stressrelief.com
coronaviruschina.net
covid19dance.com
covid19quarantine.com
mycoronaid.com
coronavirusseminar.com
caronavirusremoteworking.org
alcoholrecoveryplan.com
covidinvesting.com
cancer-coronavirus-registry.org
fight-da-virus.com
coronaviruspure123.com
coronavirusoutbreak.net
coronateam.us
antikorona.net
covidwipe.com
n95corona.com
thecoronavirusexperts.com
wuhanvirusrx.com
coronasdepaz.com
pandemicinsurancelawyer.com
stopvirusalert.com
upperhandwuhan.com
wesurvivedcoronaclothing.com
managingcovid19.com
facemaskmade.com
mycorona-aid.org
artpandemic.org
covid-19ventilators.com
viral-virus.com
pandemiccampout.com
coronacommercials.us
vaccinesong.com
coronatrench.com
mycorona-aid.com
coronavirusquarantine.info
coronavirusexperiences.com
flashinthepandemic.com
coronavirus-stop.org
covid19suministros.net
covidangst.com
coronaviruscertifiedcleaner.com
covid19ed.com
coronaclassroom.org
coronavirus-diabetes-registry.org
corona-sim.com
freevirusmask.org
covid19bankruptcyresources.net
hopeinthetimeofcorona.org
coronavirusknowhow.com
coronaleads.com
coronamena.com
coronaviruslivepure.com
coronaviruspositivity.com
covidandchill.com
caboverdevirus.com
coronapowerrx.com
covid-19seminars.com
alcoholrehabguides.com
thecoronavirusdaily.com
coronaviruscatering.com
koronayak.com
coronachristandcocktails.com
coronaantidisease.com
siegecoronavirus.org
covidecare.com
covidpower.com
covid19eos.com
coronasaurusrex.com
coronavblues.com
solutionsforcovid19.com
coronaresponse.com
cultofcorona.com
pandemicdiaries.org
covidcatalog.com
masseyecorona.org
covide19health.com
thecoronavirusanxiety.com
coronaworldtour2020.com
coronavirus-meme.com
covid19lr.com
coronavirussupplier.com
christovervirusesandcontagiousdiseases.com
sendlovenotcoronavirus.com
ihavecoronavir.us
coastingcovid.com
covidhealth.org
dailycoronavirusupdate.com
covidsew.com
covid3d.com
covidchronicle.com
americancoronavirusprep.com
rapidvaccine.com
covideclean.com
covid-killer.net
thecoronadisease.com
stopthecovidspread.com
covidwipes.com
thecovid19chronicles.com
covidcarepackages.com
virusmaskffp3.com
coronavirous.net
covid-19certifiedcleaner.com
coronaid.net
cancer-coronavirus-registry.com
covid19meter.com
smipandemicdiaries.net
pandemicprotectionkit.com
anyvirussurvivalkit.com
suchaprettyfacemask.com
caronavirusremoteworking.com
vaccineparty.com
stoppingcoronavirus.com
pandemicdiaries.net
coronavirususnews.com
covid19cleanse.com
smipandemicdiaries.com
coronavirusseminars.com
covidseminar.com
spreadlovenotcoronavirus.com
coronaviruspdx.com
covidcareful.com
covid-19workout.com
covid-19seminar.com
covid19bankruptcyresources.com
hopeinthetimeofcorona.com
justicelacovid19response.org
coronavirusportland.com
thecovidquiz.com
coronapandemic.net
covidselfhelp.com
thecoronacleanse.com
ultimaanti-virusmasks.com
covid-19-clean.org
justicelacovid19response.com
thecoronavirustimes.com
coronaactually.com
texascovid19lawyers.com
dealingwithcoronavirusanxiety.com
4covid19.com
givelovenotcoronavirus.com
coronafirewall.com
covid19bankruptcy.net
coronametre.net
smipandemicdiaries.org
covidchronicles.org
homewardboundsurvivingthecoronavirus.com
virusprotectionsystems.com
virussafesanitizations.com
coviddiary.com
coronachronicle.org
coronavirus-diabetes-registry.com
virussafesanitization.com
teachingduringcorona.com
covid-19meter.com
coronavirusbankruptcyresources.com
coronapreneurcoach.com
covidresponseteam.org
milwcovidsitters.com
trade-corona.com
pandemicfilmfestival.com
ilivedthroughcoronavirus.com
caronavirusremoteworking.info
pandemiccamping.com
covidseminars.com
coronavirusmeet.com
covid19techlab.com
coronacongaline.com
coronapest.com
alcoholcollective.com
texascovidlawyers.com
koronafitness.com
covid19victims.com
coronavirusfactcheck.com
coronameter.net
covidpower.org
corona-virus-rapid-test.com
covidcautious.com
ilivedthroughcovid19.com
covid19peacemakers.com
jlacovid19.com
coronabot.info
diabetes-coronavirus-registry.org
covidstressrelief.com
pandemicempire.com
covid19song.com
thecoronavirusnow.com
jxfacemask.com
thecovidcoop.com
coronaviruscongaline.com
coronavirusoreogn.com
coronavirusglobal.com
covid19workout.com
pandemiccampout.org
cl.clenverbo.live
hokokk.com
coffiices.com
modcloudserver.eu
petroindonesia.co.id
goldhhofer.com
posqit.net
goldenlion.sg
academydea.com
reynoldsgh.com
mecharnise.ir
hojokk.com
uzoclouds.eu
welheadcontrol.com
mikeservers.eu
goldlion.sg
peelevaluates.ca
motivation.neighboring.site
walker.shopbopstar.top
www.comcleanner.info
violina.website
miragena.xyz
harpa.website
harpa.site
himym.site
bbtt.site
harpa.space
miragena.site
bbtt.space
mapcovid.net
basecovid.com
2pillsofhunderts.pw
3chickens.pw
3glanzepages.top
bividilli.xyz
carpetkisa.xyz
connuwedro.xyz
feminization.xyz
filacolonel.xyz
fredoferodo.top
frenchfries8.top
ghefgekil.club
gigakolors.club
goodcolonell.xyz
groggypirogy.top
hinkaly.club
karantino.xyz
kassadesada.top
knockaddress.xyz
knockdomain.xyz
lokolojazz.club
pyramide33.pw
siffersniffer.best
silkycow.pw
stuffed8tomatoes.club
testermeisterz.top
tryfreder.xyz
vodkahater.xyz
yahzdaje2.website
zajjizev.club
30miles.xyz
antivarevare.club
antivarevare.pw
bavadivaclub.club
beradocolon.top
bluekit.pw
bonwes.bid
bredretre.uno
carztesla.xyz
chumocarz.club
citytrallbus.xyz
colocarantino.xyz
cosacasa.top
costacolonel.club
costamustero.pw
coucarachiz.top
cozyappt.club
crossbones.email
loacorecoder.club
millogorillo.top
nadalia.top
northdestrickt.top
oggytarakan.club
oggythecoucca.xyz
polymorphis.top
pravizzillo.club
pravizzillo.email
presserdresser.best
pythonfinder.top
safebanktest.top
cryptocrio.pw
cryptocrio.top
cucumberz99.club
dayafterthe.xyz
dezisenkor.club
docccutime.xyz
emergencytoolz.pw
extraordinarycurc.club
fekilopol.xyz
fidelliware.pw
filacolonel.site
filteroggy.pw
fishmak.pw
flighfinder.xyz
flightslots.online
forwardnogi.pw
fullplainefares.club
gerenada.club
glassyradua.xyz
goodservers.top
herekeder.best
instarobotics.club
menosmeno.best
seguridadcolonel.club
sharedocar.xyz
smallhole.club
svaerossi.pw
tourdayly.top
trythisone2.best
uxozhuki.pw
vereseptem.pw
withoutemblems.top
tracershield.ca
covid19tracer.ca
xdsa5xcrrrxxxolc.onion
cerionetya.com
hejoysa.com
lebatyo.com
luareraopy.com
sassyladywrites.com
seryanjek.com
sweetdreambymoon.stars.bz
www.aozhengaodi.com
coronavirus.epidemixs.org
covid19.egreen.io
covid19.tfone.ir
coronavirus.netfunnel.co.kr
ftp.gracexmhk.info
hmrc-cov19.payment.estrodev.com
vietnam.zing.photos
motivation.neighboring.site
www.pandemicsurvival.bid
mail.eagleeyeapparels.com
covid-19.bdtime.news
www.brightparcel.com
mail.edifler.xyz
stella.ns1.bg
mail.eagleeyeapparels.com
www.brightparcel.com
mail.eagleeyeapparels.com
www.pandemicsurvival.bid
vietnam.zing.photos
motivation.neighboring.site
covid-19.bdtime.news
mail.blucaldeiras.pt
mail.eagleeyeapparels.com
yizumigroup.com.ua
cdn.mask-eu.com
mail.mask-eu.com
www.chivogkt.com
www.grabascoop.com
www.pqbegb9rkc.com
cdn.covid-19-au.com
spy.cashnow.ee
xyz.cashnow.ee
zh.avoid-corona.com
www.rcovid19.it
www.manage.account-suplosyverifyingdidt.pinkacorona.com
www.letsfightcovid-19.org
www.irshelpcovid19.com
www.covid19ware.com
www.covid-19effect.com
www.coronaforbeginners.com
www.controcoronavirus.it
www.4mysecure-facebookcovid19petition.ga
www.3mysecure-facebookcovid19petition.ga
www.2mysecure-facebookcovid19petition.ga
uberlandia.semcorona.com.br
ru.avoid-corona.com
members.covid-19.sepinsa.com.sv
it.coronavirus-covid-19.cc
ing.securecovid-19.noez.me
https.coronavirusmaskpro.com.co
en.avoid-corona.com
de.covidpharma.org
cpanel.todosjuntoscontraocovid.com
cpanel.manage.account-suplosyverifyingdidt.pinkacorona.com
covid19.wincadeaux.com
covid19.sorrix.com.br
covid19.liceojar.cl
covid19.hvideo.love
covid.getcurex.com
autodiscover.covid-19loan.com
autodiscover.coronabrightside.com
api.rcovid19.it
anticovid-19.com.au
actualisatie.updateics-covid19.noez.me
covid19.berkstalls.com
instaqram.siagacorona.site
coviddata.dailyhalchal.com
thuytrang.baohiemcovid19.com
www.coronavirusfacemask.cc
www.theanticoronavirusshop.com
conference.studyduringcovid-19.com
gethelp.covid19nepal.support
autodiscover.descovid-19.com
secure3-logininfo.coronainfoedan.com
webmail.verizonwireless-covid-19.us
www.verizonwireless-covid-19.us
www.dealingwithcovid.com
autodiscover.covid19allocations.org
www.covidfighterapp.com
www.annuaire-covid-idf.fr
www.comcleanner.info
italymansnc8yoc8ymdiw.serveminecraft.net
italymansns82lziwmja.serveminecraft.net
italymansns84lziwmja.serveminecraft.net
italymansnc8zmc8ymdiw.serveminecraft.net
italymansns8ylziwmja.serveminecraft.net
italymansns83lziwmja.serveminecraft.net
loads.mmafan.biz
italymansnc8yos8ymdiw.serveminecraft.net
reflex14091.mypsx.net
italymansns80lziwmja.serveminecraft.net
italymansns8zlziwmja.serveminecraft.net
italymansns81lziwmja.serveminecraft.net
italymansns8xlziwmja.serveminecraft.net
italymansns85lziwmja.serveminecraft.net